fecha;anio;mes;dia;nombre_mes;nombre_dia;trimestre;es_dia_habil;ultimo_dia_mes
1/1/2020;2020;1;1;Enero;Miércoles;1;1;31/1/2020
2/1/2020;2020;1;2;Enero;Jueves;1;1;31/1/2020
3/1/2020;2020;1;3;Enero;Viernes;1;1;31/1/2020
4/1/2020;2020;1;4;Enero;Sábado;1;0;31/1/2020
5/1/2020;2020;1;5;Enero;Domingo;1;0;31/1/2020
6/1/2020;2020;1;6;Enero;Lunes;1;1;31/1/2020
7/1/2020;2020;1;7;Enero;Martes;1;1;31/1/2020
8/1/2020;2020;1;8;Enero;Miércoles;1;1;31/1/2020
9/1/2020;2020;1;9;Enero;Jueves;1;1;31/1/2020
10/1/2020;2020;1;10;Enero;Viernes;1;1;31/1/2020
11/1/2020;2020;1;11;Enero;Sábado;1;0;31/1/2020
12/1/2020;2020;1;12;Enero;Domingo;1;0;31/1/2020
13/1/2020;2020;1;13;Enero;Lunes;1;1;31/1/2020
14/1/2020;2020;1;14;Enero;Martes;1;1;31/1/2020
15/1/2020;2020;1;15;Enero;Miércoles;1;1;31/1/2020
16/1/2020;2020;1;16;Enero;Jueves;1;1;31/1/2020
17/1/2020;2020;1;17;Enero;Viernes;1;1;31/1/2020
18/1/2020;2020;1;18;Enero;Sábado;1;0;31/1/2020
19/1/2020;2020;1;19;Enero;Domingo;1;0;31/1/2020
20/1/2020;2020;1;20;Enero;Lunes;1;1;31/1/2020
21/1/2020;2020;1;21;Enero;Martes;1;1;31/1/2020
22/1/2020;2020;1;22;Enero;Miércoles;1;1;31/1/2020
23/1/2020;2020;1;23;Enero;Jueves;1;1;31/1/2020
24/1/2020;2020;1;24;Enero;Viernes;1;1;31/1/2020
25/1/2020;2020;1;25;Enero;Sábado;1;0;31/1/2020
26/1/2020;2020;1;26;Enero;Domingo;1;0;31/1/2020
27/1/2020;2020;1;27;Enero;Lunes;1;1;31/1/2020
28/1/2020;2020;1;28;Enero;Martes;1;1;31/1/2020
29/1/2020;2020;1;29;Enero;Miércoles;1;1;31/1/2020
30/1/2020;2020;1;30;Enero;Jueves;1;1;31/1/2020
31/1/2020;2020;1;31;Enero;Viernes;1;1;31/1/2020
1/2/2020;2020;2;1;Febrero;Sábado;1;0;29/2/2020
2/2/2020;2020;2;2;Febrero;Domingo;1;0;29/2/2020
3/2/2020;2020;2;3;Febrero;Lunes;1;1;29/2/2020
4/2/2020;2020;2;4;Febrero;Martes;1;1;29/2/2020
5/2/2020;2020;2;5;Febrero;Miércoles;1;1;29/2/2020
6/2/2020;2020;2;6;Febrero;Jueves;1;1;29/2/2020
7/2/2020;2020;2;7;Febrero;Viernes;1;1;29/2/2020
8/2/2020;2020;2;8;Febrero;Sábado;1;0;29/2/2020
9/2/2020;2020;2;9;Febrero;Domingo;1;0;29/2/2020
10/2/2020;2020;2;10;Febrero;Lunes;1;1;29/2/2020
11/2/2020;2020;2;11;Febrero;Martes;1;1;29/2/2020
12/2/2020;2020;2;12;Febrero;Miércoles;1;1;29/2/2020
13/2/2020;2020;2;13;Febrero;Jueves;1;1;29/2/2020
14/2/2020;2020;2;14;Febrero;Viernes;1;1;29/2/2020
15/2/2020;2020;2;15;Febrero;Sábado;1;0;29/2/2020
16/2/2020;2020;2;16;Febrero;Domingo;1;0;29/2/2020
17/2/2020;2020;2;17;Febrero;Lunes;1;1;29/2/2020
18/2/2020;2020;2;18;Febrero;Martes;1;1;29/2/2020
19/2/2020;2020;2;19;Febrero;Miércoles;1;1;29/2/2020
20/2/2020;2020;2;20;Febrero;Jueves;1;1;29/2/2020
21/2/2020;2020;2;21;Febrero;Viernes;1;1;29/2/2020
22/2/2020;2020;2;22;Febrero;Sábado;1;0;29/2/2020
23/2/2020;2020;2;23;Febrero;Domingo;1;0;29/2/2020
24/2/2020;2020;2;24;Febrero;Lunes;1;1;29/2/2020
25/2/2020;2020;2;25;Febrero;Martes;1;1;29/2/2020
26/2/2020;2020;2;26;Febrero;Miércoles;1;1;29/2/2020
27/2/2020;2020;2;27;Febrero;Jueves;1;1;29/2/2020
28/2/2020;2020;2;28;Febrero;Viernes;1;1;29/2/2020
29/2/2020;2020;2;29;Febrero;Sábado;1;0;29/2/2020
1/3/2020;2020;3;1;Marzo;Domingo;1;0;31/3/2020
2/3/2020;2020;3;2;Marzo;Lunes;1;1;31/3/2020
3/3/2020;2020;3;3;Marzo;Martes;1;1;31/3/2020
4/3/2020;2020;3;4;Marzo;Miércoles;1;1;31/3/2020
5/3/2020;2020;3;5;Marzo;Jueves;1;1;31/3/2020
6/3/2020;2020;3;6;Marzo;Viernes;1;1;31/3/2020
7/3/2020;2020;3;7;Marzo;Sábado;1;0;31/3/2020
8/3/2020;2020;3;8;Marzo;Domingo;1;0;31/3/2020
9/3/2020;2020;3;9;Marzo;Lunes;1;1;31/3/2020
10/3/2020;2020;3;10;Marzo;Martes;1;1;31/3/2020
11/3/2020;2020;3;11;Marzo;Miércoles;1;1;31/3/2020
12/3/2020;2020;3;12;Marzo;Jueves;1;1;31/3/2020
13/3/2020;2020;3;13;Marzo;Viernes;1;1;31/3/2020
14/3/2020;2020;3;14;Marzo;Sábado;1;0;31/3/2020
15/3/2020;2020;3;15;Marzo;Domingo;1;0;31/3/2020
16/3/2020;2020;3;16;Marzo;Lunes;1;1;31/3/2020
17/3/2020;2020;3;17;Marzo;Martes;1;1;31/3/2020
18/3/2020;2020;3;18;Marzo;Miércoles;1;1;31/3/2020
19/3/2020;2020;3;19;Marzo;Jueves;1;1;31/3/2020
20/3/2020;2020;3;20;Marzo;Viernes;1;1;31/3/2020
21/3/2020;2020;3;21;Marzo;Sábado;1;0;31/3/2020
22/3/2020;2020;3;22;Marzo;Domingo;1;0;31/3/2020
23/3/2020;2020;3;23;Marzo;Lunes;1;1;31/3/2020
24/3/2020;2020;3;24;Marzo;Martes;1;1;31/3/2020
25/3/2020;2020;3;25;Marzo;Miércoles;1;1;31/3/2020
26/3/2020;2020;3;26;Marzo;Jueves;1;1;31/3/2020
27/3/2020;2020;3;27;Marzo;Viernes;1;1;31/3/2020
28/3/2020;2020;3;28;Marzo;Sábado;1;0;31/3/2020
29/3/2020;2020;3;29;Marzo;Domingo;1;0;31/3/2020
30/3/2020;2020;3;30;Marzo;Lunes;1;1;31/3/2020
31/3/2020;2020;3;31;Marzo;Martes;1;1;31/3/2020
1/4/2020;2020;4;1;Abril;Miércoles;2;1;30/4/2020
2/4/2020;2020;4;2;Abril;Jueves;2;1;30/4/2020
3/4/2020;2020;4;3;Abril;Viernes;2;1;30/4/2020
4/4/2020;2020;4;4;Abril;Sábado;2;0;30/4/2020
5/4/2020;2020;4;5;Abril;Domingo;2;0;30/4/2020
6/4/2020;2020;4;6;Abril;Lunes;2;1;30/4/2020
7/4/2020;2020;4;7;Abril;Martes;2;1;30/4/2020
8/4/2020;2020;4;8;Abril;Miércoles;2;1;30/4/2020
9/4/2020;2020;4;9;Abril;Jueves;2;1;30/4/2020
10/4/2020;2020;4;10;Abril;Viernes;2;1;30/4/2020
11/4/2020;2020;4;11;Abril;Sábado;2;0;30/4/2020
12/4/2020;2020;4;12;Abril;Domingo;2;0;30/4/2020
13/4/2020;2020;4;13;Abril;Lunes;2;1;30/4/2020
14/4/2020;2020;4;14;Abril;Martes;2;1;30/4/2020
15/4/2020;2020;4;15;Abril;Miércoles;2;1;30/4/2020
16/4/2020;2020;4;16;Abril;Jueves;2;1;30/4/2020
17/4/2020;2020;4;17;Abril;Viernes;2;1;30/4/2020
18/4/2020;2020;4;18;Abril;Sábado;2;0;30/4/2020
19/4/2020;2020;4;19;Abril;Domingo;2;0;30/4/2020
20/4/2020;2020;4;20;Abril;Lunes;2;1;30/4/2020
21/4/2020;2020;4;21;Abril;Martes;2;1;30/4/2020
22/4/2020;2020;4;22;Abril;Miércoles;2;1;30/4/2020
23/4/2020;2020;4;23;Abril;Jueves;2;1;30/4/2020
24/4/2020;2020;4;24;Abril;Viernes;2;1;30/4/2020
25/4/2020;2020;4;25;Abril;Sábado;2;0;30/4/2020
26/4/2020;2020;4;26;Abril;Domingo;2;0;30/4/2020
27/4/2020;2020;4;27;Abril;Lunes;2;1;30/4/2020
28/4/2020;2020;4;28;Abril;Martes;2;1;30/4/2020
29/4/2020;2020;4;29;Abril;Miércoles;2;1;30/4/2020
30/4/2020;2020;4;30;Abril;Jueves;2;1;30/4/2020
1/5/2020;2020;5;1;Mayo;Viernes;2;1;31/5/2020
2/5/2020;2020;5;2;Mayo;Sábado;2;0;31/5/2020
3/5/2020;2020;5;3;Mayo;Domingo;2;0;31/5/2020
4/5/2020;2020;5;4;Mayo;Lunes;2;1;31/5/2020
5/5/2020;2020;5;5;Mayo;Martes;2;1;31/5/2020
6/5/2020;2020;5;6;Mayo;Miércoles;2;1;31/5/2020
7/5/2020;2020;5;7;Mayo;Jueves;2;1;31/5/2020
8/5/2020;2020;5;8;Mayo;Viernes;2;1;31/5/2020
9/5/2020;2020;5;9;Mayo;Sábado;2;0;31/5/2020
10/5/2020;2020;5;10;Mayo;Domingo;2;0;31/5/2020
11/5/2020;2020;5;11;Mayo;Lunes;2;1;31/5/2020
12/5/2020;2020;5;12;Mayo;Martes;2;1;31/5/2020
13/5/2020;2020;5;13;Mayo;Miércoles;2;1;31/5/2020
14/5/2020;2020;5;14;Mayo;Jueves;2;1;31/5/2020
15/5/2020;2020;5;15;Mayo;Viernes;2;1;31/5/2020
16/5/2020;2020;5;16;Mayo;Sábado;2;0;31/5/2020
17/5/2020;2020;5;17;Mayo;Domingo;2;0;31/5/2020
18/5/2020;2020;5;18;Mayo;Lunes;2;1;31/5/2020
19/5/2020;2020;5;19;Mayo;Martes;2;1;31/5/2020
20/5/2020;2020;5;20;Mayo;Miércoles;2;1;31/5/2020
21/5/2020;2020;5;21;Mayo;Jueves;2;1;31/5/2020
22/5/2020;2020;5;22;Mayo;Viernes;2;1;31/5/2020
23/5/2020;2020;5;23;Mayo;Sábado;2;0;31/5/2020
24/5/2020;2020;5;24;Mayo;Domingo;2;0;31/5/2020
25/5/2020;2020;5;25;Mayo;Lunes;2;1;31/5/2020
26/5/2020;2020;5;26;Mayo;Martes;2;1;31/5/2020
27/5/2020;2020;5;27;Mayo;Miércoles;2;1;31/5/2020
28/5/2020;2020;5;28;Mayo;Jueves;2;1;31/5/2020
29/5/2020;2020;5;29;Mayo;Viernes;2;1;31/5/2020
30/5/2020;2020;5;30;Mayo;Sábado;2;0;31/5/2020
31/5/2020;2020;5;31;Mayo;Domingo;2;0;31/5/2020
1/6/2020;2020;6;1;Junio;Lunes;2;1;30/6/2020
2/6/2020;2020;6;2;Junio;Martes;2;1;30/6/2020
3/6/2020;2020;6;3;Junio;Miércoles;2;1;30/6/2020
4/6/2020;2020;6;4;Junio;Jueves;2;1;30/6/2020
5/6/2020;2020;6;5;Junio;Viernes;2;1;30/6/2020
6/6/2020;2020;6;6;Junio;Sábado;2;0;30/6/2020
7/6/2020;2020;6;7;Junio;Domingo;2;0;30/6/2020
8/6/2020;2020;6;8;Junio;Lunes;2;1;30/6/2020
9/6/2020;2020;6;9;Junio;Martes;2;1;30/6/2020
10/6/2020;2020;6;10;Junio;Miércoles;2;1;30/6/2020
11/6/2020;2020;6;11;Junio;Jueves;2;1;30/6/2020
12/6/2020;2020;6;12;Junio;Viernes;2;1;30/6/2020
13/6/2020;2020;6;13;Junio;Sábado;2;0;30/6/2020
14/6/2020;2020;6;14;Junio;Domingo;2;0;30/6/2020
15/6/2020;2020;6;15;Junio;Lunes;2;1;30/6/2020
16/6/2020;2020;6;16;Junio;Martes;2;1;30/6/2020
17/6/2020;2020;6;17;Junio;Miércoles;2;1;30/6/2020
18/6/2020;2020;6;18;Junio;Jueves;2;1;30/6/2020
19/6/2020;2020;6;19;Junio;Viernes;2;1;30/6/2020
20/6/2020;2020;6;20;Junio;Sábado;2;0;30/6/2020
21/6/2020;2020;6;21;Junio;Domingo;2;0;30/6/2020
22/6/2020;2020;6;22;Junio;Lunes;2;1;30/6/2020
23/6/2020;2020;6;23;Junio;Martes;2;1;30/6/2020
24/6/2020;2020;6;24;Junio;Miércoles;2;1;30/6/2020
25/6/2020;2020;6;25;Junio;Jueves;2;1;30/6/2020
26/6/2020;2020;6;26;Junio;Viernes;2;1;30/6/2020
27/6/2020;2020;6;27;Junio;Sábado;2;0;30/6/2020
28/6/2020;2020;6;28;Junio;Domingo;2;0;30/6/2020
29/6/2020;2020;6;29;Junio;Lunes;2;1;30/6/2020
30/6/2020;2020;6;30;Junio;Martes;2;1;30/6/2020
1/7/2020;2020;7;1;Julio;Miércoles;3;1;31/7/2020
2/7/2020;2020;7;2;Julio;Jueves;3;1;31/7/2020
3/7/2020;2020;7;3;Julio;Viernes;3;1;31/7/2020
4/7/2020;2020;7;4;Julio;Sábado;3;0;31/7/2020
5/7/2020;2020;7;5;Julio;Domingo;3;0;31/7/2020
6/7/2020;2020;7;6;Julio;Lunes;3;1;31/7/2020
7/7/2020;2020;7;7;Julio;Martes;3;1;31/7/2020
8/7/2020;2020;7;8;Julio;Miércoles;3;1;31/7/2020
9/7/2020;2020;7;9;Julio;Jueves;3;1;31/7/2020
10/7/2020;2020;7;10;Julio;Viernes;3;1;31/7/2020
11/7/2020;2020;7;11;Julio;Sábado;3;0;31/7/2020
12/7/2020;2020;7;12;Julio;Domingo;3;0;31/7/2020
13/7/2020;2020;7;13;Julio;Lunes;3;1;31/7/2020
14/7/2020;2020;7;14;Julio;Martes;3;1;31/7/2020
15/7/2020;2020;7;15;Julio;Miércoles;3;1;31/7/2020
16/7/2020;2020;7;16;Julio;Jueves;3;1;31/7/2020
17/7/2020;2020;7;17;Julio;Viernes;3;1;31/7/2020
18/7/2020;2020;7;18;Julio;Sábado;3;0;31/7/2020
19/7/2020;2020;7;19;Julio;Domingo;3;0;31/7/2020
20/7/2020;2020;7;20;Julio;Lunes;3;1;31/7/2020
21/7/2020;2020;7;21;Julio;Martes;3;1;31/7/2020
22/7/2020;2020;7;22;Julio;Miércoles;3;1;31/7/2020
23/7/2020;2020;7;23;Julio;Jueves;3;1;31/7/2020
24/7/2020;2020;7;24;Julio;Viernes;3;1;31/7/2020
25/7/2020;2020;7;25;Julio;Sábado;3;0;31/7/2020
26/7/2020;2020;7;26;Julio;Domingo;3;0;31/7/2020
27/7/2020;2020;7;27;Julio;Lunes;3;1;31/7/2020
28/7/2020;2020;7;28;Julio;Martes;3;1;31/7/2020
29/7/2020;2020;7;29;Julio;Miércoles;3;1;31/7/2020
30/7/2020;2020;7;30;Julio;Jueves;3;1;31/7/2020
31/7/2020;2020;7;31;Julio;Viernes;3;1;31/7/2020
1/8/2020;2020;8;1;Agosto;Sábado;3;0;31/8/2020
2/8/2020;2020;8;2;Agosto;Domingo;3;0;31/8/2020
3/8/2020;2020;8;3;Agosto;Lunes;3;1;31/8/2020
4/8/2020;2020;8;4;Agosto;Martes;3;1;31/8/2020
5/8/2020;2020;8;5;Agosto;Miércoles;3;1;31/8/2020
6/8/2020;2020;8;6;Agosto;Jueves;3;1;31/8/2020
7/8/2020;2020;8;7;Agosto;Viernes;3;1;31/8/2020
8/8/2020;2020;8;8;Agosto;Sábado;3;0;31/8/2020
9/8/2020;2020;8;9;Agosto;Domingo;3;0;31/8/2020
10/8/2020;2020;8;10;Agosto;Lunes;3;1;31/8/2020
11/8/2020;2020;8;11;Agosto;Martes;3;1;31/8/2020
12/8/2020;2020;8;12;Agosto;Miércoles;3;1;31/8/2020
13/8/2020;2020;8;13;Agosto;Jueves;3;1;31/8/2020
14/8/2020;2020;8;14;Agosto;Viernes;3;1;31/8/2020
15/8/2020;2020;8;15;Agosto;Sábado;3;0;31/8/2020
16/8/2020;2020;8;16;Agosto;Domingo;3;0;31/8/2020
17/8/2020;2020;8;17;Agosto;Lunes;3;1;31/8/2020
18/8/2020;2020;8;18;Agosto;Martes;3;1;31/8/2020
19/8/2020;2020;8;19;Agosto;Miércoles;3;1;31/8/2020
20/8/2020;2020;8;20;Agosto;Jueves;3;1;31/8/2020
21/8/2020;2020;8;21;Agosto;Viernes;3;1;31/8/2020
22/8/2020;2020;8;22;Agosto;Sábado;3;0;31/8/2020
23/8/2020;2020;8;23;Agosto;Domingo;3;0;31/8/2020
24/8/2020;2020;8;24;Agosto;Lunes;3;1;31/8/2020
25/8/2020;2020;8;25;Agosto;Martes;3;1;31/8/2020
26/8/2020;2020;8;26;Agosto;Miércoles;3;1;31/8/2020
27/8/2020;2020;8;27;Agosto;Jueves;3;1;31/8/2020
28/8/2020;2020;8;28;Agosto;Viernes;3;1;31/8/2020
29/8/2020;2020;8;29;Agosto;Sábado;3;0;31/8/2020
30/8/2020;2020;8;30;Agosto;Domingo;3;0;31/8/2020
31/8/2020;2020;8;31;Agosto;Lunes;3;1;31/8/2020
1/9/2020;2020;9;1;Septiembre;Martes;3;1;30/9/2020
2/9/2020;2020;9;2;Septiembre;Miércoles;3;1;30/9/2020
3/9/2020;2020;9;3;Septiembre;Jueves;3;1;30/9/2020
4/9/2020;2020;9;4;Septiembre;Viernes;3;1;30/9/2020
5/9/2020;2020;9;5;Septiembre;Sábado;3;0;30/9/2020
6/9/2020;2020;9;6;Septiembre;Domingo;3;0;30/9/2020
7/9/2020;2020;9;7;Septiembre;Lunes;3;1;30/9/2020
8/9/2020;2020;9;8;Septiembre;Martes;3;1;30/9/2020
9/9/2020;2020;9;9;Septiembre;Miércoles;3;1;30/9/2020
10/9/2020;2020;9;10;Septiembre;Jueves;3;1;30/9/2020
11/9/2020;2020;9;11;Septiembre;Viernes;3;1;30/9/2020
12/9/2020;2020;9;12;Septiembre;Sábado;3;0;30/9/2020
13/9/2020;2020;9;13;Septiembre;Domingo;3;0;30/9/2020
14/9/2020;2020;9;14;Septiembre;Lunes;3;1;30/9/2020
15/9/2020;2020;9;15;Septiembre;Martes;3;1;30/9/2020
16/9/2020;2020;9;16;Septiembre;Miércoles;3;1;30/9/2020
17/9/2020;2020;9;17;Septiembre;Jueves;3;1;30/9/2020
18/9/2020;2020;9;18;Septiembre;Viernes;3;1;30/9/2020
19/9/2020;2020;9;19;Septiembre;Sábado;3;0;30/9/2020
20/9/2020;2020;9;20;Septiembre;Domingo;3;0;30/9/2020
21/9/2020;2020;9;21;Septiembre;Lunes;3;1;30/9/2020
22/9/2020;2020;9;22;Septiembre;Martes;3;1;30/9/2020
23/9/2020;2020;9;23;Septiembre;Miércoles;3;1;30/9/2020
24/9/2020;2020;9;24;Septiembre;Jueves;3;1;30/9/2020
25/9/2020;2020;9;25;Septiembre;Viernes;3;1;30/9/2020
26/9/2020;2020;9;26;Septiembre;Sábado;3;0;30/9/2020
27/9/2020;2020;9;27;Septiembre;Domingo;3;0;30/9/2020
28/9/2020;2020;9;28;Septiembre;Lunes;3;1;30/9/2020
29/9/2020;2020;9;29;Septiembre;Martes;3;1;30/9/2020
30/9/2020;2020;9;30;Septiembre;Miércoles;3;1;30/9/2020
1/10/2020;2020;10;1;Octubre;Jueves;4;1;31/10/2020
2/10/2020;2020;10;2;Octubre;Viernes;4;1;31/10/2020
3/10/2020;2020;10;3;Octubre;Sábado;4;0;31/10/2020
4/10/2020;2020;10;4;Octubre;Domingo;4;0;31/10/2020
5/10/2020;2020;10;5;Octubre;Lunes;4;1;31/10/2020
6/10/2020;2020;10;6;Octubre;Martes;4;1;31/10/2020
7/10/2020;2020;10;7;Octubre;Miércoles;4;1;31/10/2020
8/10/2020;2020;10;8;Octubre;Jueves;4;1;31/10/2020
9/10/2020;2020;10;9;Octubre;Viernes;4;1;31/10/2020
10/10/2020;2020;10;10;Octubre;Sábado;4;0;31/10/2020
11/10/2020;2020;10;11;Octubre;Domingo;4;0;31/10/2020
12/10/2020;2020;10;12;Octubre;Lunes;4;1;31/10/2020
13/10/2020;2020;10;13;Octubre;Martes;4;1;31/10/2020
14/10/2020;2020;10;14;Octubre;Miércoles;4;1;31/10/2020
15/10/2020;2020;10;15;Octubre;Jueves;4;1;31/10/2020
16/10/2020;2020;10;16;Octubre;Viernes;4;1;31/10/2020
17/10/2020;2020;10;17;Octubre;Sábado;4;0;31/10/2020
18/10/2020;2020;10;18;Octubre;Domingo;4;0;31/10/2020
19/10/2020;2020;10;19;Octubre;Lunes;4;1;31/10/2020
20/10/2020;2020;10;20;Octubre;Martes;4;1;31/10/2020
21/10/2020;2020;10;21;Octubre;Miércoles;4;1;31/10/2020
22/10/2020;2020;10;22;Octubre;Jueves;4;1;31/10/2020
23/10/2020;2020;10;23;Octubre;Viernes;4;1;31/10/2020
24/10/2020;2020;10;24;Octubre;Sábado;4;0;31/10/2020
25/10/2020;2020;10;25;Octubre;Domingo;4;0;31/10/2020
26/10/2020;2020;10;26;Octubre;Lunes;4;1;31/10/2020
27/10/2020;2020;10;27;Octubre;Martes;4;1;31/10/2020
28/10/2020;2020;10;28;Octubre;Miércoles;4;1;31/10/2020
29/10/2020;2020;10;29;Octubre;Jueves;4;1;31/10/2020
30/10/2020;2020;10;30;Octubre;Viernes;4;1;31/10/2020
31/10/2020;2020;10;31;Octubre;Sábado;4;0;31/10/2020
1/11/2020;2020;11;1;Noviembre;Domingo;4;0;30/11/2020
2/11/2020;2020;11;2;Noviembre;Lunes;4;1;30/11/2020
3/11/2020;2020;11;3;Noviembre;Martes;4;1;30/11/2020
4/11/2020;2020;11;4;Noviembre;Miércoles;4;1;30/11/2020
5/11/2020;2020;11;5;Noviembre;Jueves;4;1;30/11/2020
6/11/2020;2020;11;6;Noviembre;Viernes;4;1;30/11/2020
7/11/2020;2020;11;7;Noviembre;Sábado;4;0;30/11/2020
8/11/2020;2020;11;8;Noviembre;Domingo;4;0;30/11/2020
9/11/2020;2020;11;9;Noviembre;Lunes;4;1;30/11/2020
10/11/2020;2020;11;10;Noviembre;Martes;4;1;30/11/2020
11/11/2020;2020;11;11;Noviembre;Miércoles;4;1;30/11/2020
12/11/2020;2020;11;12;Noviembre;Jueves;4;1;30/11/2020
13/11/2020;2020;11;13;Noviembre;Viernes;4;1;30/11/2020
14/11/2020;2020;11;14;Noviembre;Sábado;4;0;30/11/2020
15/11/2020;2020;11;15;Noviembre;Domingo;4;0;30/11/2020
16/11/2020;2020;11;16;Noviembre;Lunes;4;1;30/11/2020
17/11/2020;2020;11;17;Noviembre;Martes;4;1;30/11/2020
18/11/2020;2020;11;18;Noviembre;Miércoles;4;1;30/11/2020
19/11/2020;2020;11;19;Noviembre;Jueves;4;1;30/11/2020
20/11/2020;2020;11;20;Noviembre;Viernes;4;1;30/11/2020
21/11/2020;2020;11;21;Noviembre;Sábado;4;0;30/11/2020
22/11/2020;2020;11;22;Noviembre;Domingo;4;0;30/11/2020
23/11/2020;2020;11;23;Noviembre;Lunes;4;1;30/11/2020
24/11/2020;2020;11;24;Noviembre;Martes;4;1;30/11/2020
25/11/2020;2020;11;25;Noviembre;Miércoles;4;1;30/11/2020
26/11/2020;2020;11;26;Noviembre;Jueves;4;1;30/11/2020
27/11/2020;2020;11;27;Noviembre;Viernes;4;1;30/11/2020
28/11/2020;2020;11;28;Noviembre;Sábado;4;0;30/11/2020
29/11/2020;2020;11;29;Noviembre;Domingo;4;0;30/11/2020
30/11/2020;2020;11;30;Noviembre;Lunes;4;1;30/11/2020
1/12/2020;2020;12;1;Diciembre;Martes;4;1;31/12/2020
2/12/2020;2020;12;2;Diciembre;Miércoles;4;1;31/12/2020
3/12/2020;2020;12;3;Diciembre;Jueves;4;1;31/12/2020
4/12/2020;2020;12;4;Diciembre;Viernes;4;1;31/12/2020
5/12/2020;2020;12;5;Diciembre;Sábado;4;0;31/12/2020
6/12/2020;2020;12;6;Diciembre;Domingo;4;0;31/12/2020
7/12/2020;2020;12;7;Diciembre;Lunes;4;1;31/12/2020
8/12/2020;2020;12;8;Diciembre;Martes;4;1;31/12/2020
9/12/2020;2020;12;9;Diciembre;Miércoles;4;1;31/12/2020
10/12/2020;2020;12;10;Diciembre;Jueves;4;1;31/12/2020
11/12/2020;2020;12;11;Diciembre;Viernes;4;1;31/12/2020
12/12/2020;2020;12;12;Diciembre;Sábado;4;0;31/12/2020
13/12/2020;2020;12;13;Diciembre;Domingo;4;0;31/12/2020
14/12/2020;2020;12;14;Diciembre;Lunes;4;1;31/12/2020
15/12/2020;2020;12;15;Diciembre;Martes;4;1;31/12/2020
16/12/2020;2020;12;16;Diciembre;Miércoles;4;1;31/12/2020
17/12/2020;2020;12;17;Diciembre;Jueves;4;1;31/12/2020
18/12/2020;2020;12;18;Diciembre;Viernes;4;1;31/12/2020
19/12/2020;2020;12;19;Diciembre;Sábado;4;0;31/12/2020
20/12/2020;2020;12;20;Diciembre;Domingo;4;0;31/12/2020
21/12/2020;2020;12;21;Diciembre;Lunes;4;1;31/12/2020
22/12/2020;2020;12;22;Diciembre;Martes;4;1;31/12/2020
23/12/2020;2020;12;23;Diciembre;Miércoles;4;1;31/12/2020
24/12/2020;2020;12;24;Diciembre;Jueves;4;1;31/12/2020
25/12/2020;2020;12;25;Diciembre;Viernes;4;1;31/12/2020
26/12/2020;2020;12;26;Diciembre;Sábado;4;0;31/12/2020
27/12/2020;2020;12;27;Diciembre;Domingo;4;0;31/12/2020
28/12/2020;2020;12;28;Diciembre;Lunes;4;1;31/12/2020
29/12/2020;2020;12;29;Diciembre;Martes;4;1;31/12/2020
30/12/2020;2020;12;30;Diciembre;Miércoles;4;1;31/12/2020
31/12/2020;2020;12;31;Diciembre;Jueves;4;1;31/12/2020
1/1/2021;2021;1;1;Enero;Viernes;1;1;31/1/2021
2/1/2021;2021;1;2;Enero;Sábado;1;0;31/1/2021
3/1/2021;2021;1;3;Enero;Domingo;1;0;31/1/2021
4/1/2021;2021;1;4;Enero;Lunes;1;1;31/1/2021
5/1/2021;2021;1;5;Enero;Martes;1;1;31/1/2021
6/1/2021;2021;1;6;Enero;Miércoles;1;1;31/1/2021
7/1/2021;2021;1;7;Enero;Jueves;1;1;31/1/2021
8/1/2021;2021;1;8;Enero;Viernes;1;1;31/1/2021
9/1/2021;2021;1;9;Enero;Sábado;1;0;31/1/2021
10/1/2021;2021;1;10;Enero;Domingo;1;0;31/1/2021
11/1/2021;2021;1;11;Enero;Lunes;1;1;31/1/2021
12/1/2021;2021;1;12;Enero;Martes;1;1;31/1/2021
13/1/2021;2021;1;13;Enero;Miércoles;1;1;31/1/2021
14/1/2021;2021;1;14;Enero;Jueves;1;1;31/1/2021
15/1/2021;2021;1;15;Enero;Viernes;1;1;31/1/2021
16/1/2021;2021;1;16;Enero;Sábado;1;0;31/1/2021
17/1/2021;2021;1;17;Enero;Domingo;1;0;31/1/2021
18/1/2021;2021;1;18;Enero;Lunes;1;1;31/1/2021
19/1/2021;2021;1;19;Enero;Martes;1;1;31/1/2021
20/1/2021;2021;1;20;Enero;Miércoles;1;1;31/1/2021
21/1/2021;2021;1;21;Enero;Jueves;1;1;31/1/2021
22/1/2021;2021;1;22;Enero;Viernes;1;1;31/1/2021
23/1/2021;2021;1;23;Enero;Sábado;1;0;31/1/2021
24/1/2021;2021;1;24;Enero;Domingo;1;0;31/1/2021
25/1/2021;2021;1;25;Enero;Lunes;1;1;31/1/2021
26/1/2021;2021;1;26;Enero;Martes;1;1;31/1/2021
27/1/2021;2021;1;27;Enero;Miércoles;1;1;31/1/2021
28/1/2021;2021;1;28;Enero;Jueves;1;1;31/1/2021
29/1/2021;2021;1;29;Enero;Viernes;1;1;31/1/2021
30/1/2021;2021;1;30;Enero;Sábado;1;0;31/1/2021
31/1/2021;2021;1;31;Enero;Domingo;1;0;31/1/2021
1/2/2021;2021;2;1;Febrero;Lunes;1;1;28/2/2021
2/2/2021;2021;2;2;Febrero;Martes;1;1;28/2/2021
3/2/2021;2021;2;3;Febrero;Miércoles;1;1;28/2/2021
4/2/2021;2021;2;4;Febrero;Jueves;1;1;28/2/2021
5/2/2021;2021;2;5;Febrero;Viernes;1;1;28/2/2021
6/2/2021;2021;2;6;Febrero;Sábado;1;0;28/2/2021
7/2/2021;2021;2;7;Febrero;Domingo;1;0;28/2/2021
8/2/2021;2021;2;8;Febrero;Lunes;1;1;28/2/2021
9/2/2021;2021;2;9;Febrero;Martes;1;1;28/2/2021
10/2/2021;2021;2;10;Febrero;Miércoles;1;1;28/2/2021
11/2/2021;2021;2;11;Febrero;Jueves;1;1;28/2/2021
12/2/2021;2021;2;12;Febrero;Viernes;1;1;28/2/2021
13/2/2021;2021;2;13;Febrero;Sábado;1;0;28/2/2021
14/2/2021;2021;2;14;Febrero;Domingo;1;0;28/2/2021
15/2/2021;2021;2;15;Febrero;Lunes;1;1;28/2/2021
16/2/2021;2021;2;16;Febrero;Martes;1;1;28/2/2021
17/2/2021;2021;2;17;Febrero;Miércoles;1;1;28/2/2021
18/2/2021;2021;2;18;Febrero;Jueves;1;1;28/2/2021
19/2/2021;2021;2;19;Febrero;Viernes;1;1;28/2/2021
20/2/2021;2021;2;20;Febrero;Sábado;1;0;28/2/2021
21/2/2021;2021;2;21;Febrero;Domingo;1;0;28/2/2021
22/2/2021;2021;2;22;Febrero;Lunes;1;1;28/2/2021
23/2/2021;2021;2;23;Febrero;Martes;1;1;28/2/2021
24/2/2021;2021;2;24;Febrero;Miércoles;1;1;28/2/2021
25/2/2021;2021;2;25;Febrero;Jueves;1;1;28/2/2021
26/2/2021;2021;2;26;Febrero;Viernes;1;1;28/2/2021
27/2/2021;2021;2;27;Febrero;Sábado;1;0;28/2/2021
28/2/2021;2021;2;28;Febrero;Domingo;1;0;28/2/2021
1/3/2021;2021;3;1;Marzo;Lunes;1;1;31/3/2021
2/3/2021;2021;3;2;Marzo;Martes;1;1;31/3/2021
3/3/2021;2021;3;3;Marzo;Miércoles;1;1;31/3/2021
4/3/2021;2021;3;4;Marzo;Jueves;1;1;31/3/2021
5/3/2021;2021;3;5;Marzo;Viernes;1;1;31/3/2021
6/3/2021;2021;3;6;Marzo;Sábado;1;0;31/3/2021
7/3/2021;2021;3;7;Marzo;Domingo;1;0;31/3/2021
8/3/2021;2021;3;8;Marzo;Lunes;1;1;31/3/2021
9/3/2021;2021;3;9;Marzo;Martes;1;1;31/3/2021
10/3/2021;2021;3;10;Marzo;Miércoles;1;1;31/3/2021
11/3/2021;2021;3;11;Marzo;Jueves;1;1;31/3/2021
12/3/2021;2021;3;12;Marzo;Viernes;1;1;31/3/2021
13/3/2021;2021;3;13;Marzo;Sábado;1;0;31/3/2021
14/3/2021;2021;3;14;Marzo;Domingo;1;0;31/3/2021
15/3/2021;2021;3;15;Marzo;Lunes;1;1;31/3/2021
16/3/2021;2021;3;16;Marzo;Martes;1;1;31/3/2021
17/3/2021;2021;3;17;Marzo;Miércoles;1;1;31/3/2021
18/3/2021;2021;3;18;Marzo;Jueves;1;1;31/3/2021
19/3/2021;2021;3;19;Marzo;Viernes;1;1;31/3/2021
20/3/2021;2021;3;20;Marzo;Sábado;1;0;31/3/2021
21/3/2021;2021;3;21;Marzo;Domingo;1;0;31/3/2021
22/3/2021;2021;3;22;Marzo;Lunes;1;1;31/3/2021
23/3/2021;2021;3;23;Marzo;Martes;1;1;31/3/2021
24/3/2021;2021;3;24;Marzo;Miércoles;1;1;31/3/2021
25/3/2021;2021;3;25;Marzo;Jueves;1;1;31/3/2021
26/3/2021;2021;3;26;Marzo;Viernes;1;1;31/3/2021
27/3/2021;2021;3;27;Marzo;Sábado;1;0;31/3/2021
28/3/2021;2021;3;28;Marzo;Domingo;1;0;31/3/2021
29/3/2021;2021;3;29;Marzo;Lunes;1;1;31/3/2021
30/3/2021;2021;3;30;Marzo;Martes;1;1;31/3/2021
31/3/2021;2021;3;31;Marzo;Miércoles;1;1;31/3/2021
1/4/2021;2021;4;1;Abril;Jueves;2;1;30/4/2021
2/4/2021;2021;4;2;Abril;Viernes;2;1;30/4/2021
3/4/2021;2021;4;3;Abril;Sábado;2;0;30/4/2021
4/4/2021;2021;4;4;Abril;Domingo;2;0;30/4/2021
5/4/2021;2021;4;5;Abril;Lunes;2;1;30/4/2021
6/4/2021;2021;4;6;Abril;Martes;2;1;30/4/2021
7/4/2021;2021;4;7;Abril;Miércoles;2;1;30/4/2021
8/4/2021;2021;4;8;Abril;Jueves;2;1;30/4/2021
9/4/2021;2021;4;9;Abril;Viernes;2;1;30/4/2021
10/4/2021;2021;4;10;Abril;Sábado;2;0;30/4/2021
11/4/2021;2021;4;11;Abril;Domingo;2;0;30/4/2021
12/4/2021;2021;4;12;Abril;Lunes;2;1;30/4/2021
13/4/2021;2021;4;13;Abril;Martes;2;1;30/4/2021
14/4/2021;2021;4;14;Abril;Miércoles;2;1;30/4/2021
15/4/2021;2021;4;15;Abril;Jueves;2;1;30/4/2021
16/4/2021;2021;4;16;Abril;Viernes;2;1;30/4/2021
17/4/2021;2021;4;17;Abril;Sábado;2;0;30/4/2021
18/4/2021;2021;4;18;Abril;Domingo;2;0;30/4/2021
19/4/2021;2021;4;19;Abril;Lunes;2;1;30/4/2021
20/4/2021;2021;4;20;Abril;Martes;2;1;30/4/2021
21/4/2021;2021;4;21;Abril;Miércoles;2;1;30/4/2021
22/4/2021;2021;4;22;Abril;Jueves;2;1;30/4/2021
23/4/2021;2021;4;23;Abril;Viernes;2;1;30/4/2021
24/4/2021;2021;4;24;Abril;Sábado;2;0;30/4/2021
25/4/2021;2021;4;25;Abril;Domingo;2;0;30/4/2021
26/4/2021;2021;4;26;Abril;Lunes;2;1;30/4/2021
27/4/2021;2021;4;27;Abril;Martes;2;1;30/4/2021
28/4/2021;2021;4;28;Abril;Miércoles;2;1;30/4/2021
29/4/2021;2021;4;29;Abril;Jueves;2;1;30/4/2021
30/4/2021;2021;4;30;Abril;Viernes;2;1;30/4/2021
1/5/2021;2021;5;1;Mayo;Sábado;2;0;31/5/2021
2/5/2021;2021;5;2;Mayo;Domingo;2;0;31/5/2021
3/5/2021;2021;5;3;Mayo;Lunes;2;1;31/5/2021
4/5/2021;2021;5;4;Mayo;Martes;2;1;31/5/2021
5/5/2021;2021;5;5;Mayo;Miércoles;2;1;31/5/2021
6/5/2021;2021;5;6;Mayo;Jueves;2;1;31/5/2021
7/5/2021;2021;5;7;Mayo;Viernes;2;1;31/5/2021
8/5/2021;2021;5;8;Mayo;Sábado;2;0;31/5/2021
9/5/2021;2021;5;9;Mayo;Domingo;2;0;31/5/2021
10/5/2021;2021;5;10;Mayo;Lunes;2;1;31/5/2021
11/5/2021;2021;5;11;Mayo;Martes;2;1;31/5/2021
12/5/2021;2021;5;12;Mayo;Miércoles;2;1;31/5/2021
13/5/2021;2021;5;13;Mayo;Jueves;2;1;31/5/2021
14/5/2021;2021;5;14;Mayo;Viernes;2;1;31/5/2021
15/5/2021;2021;5;15;Mayo;Sábado;2;0;31/5/2021
16/5/2021;2021;5;16;Mayo;Domingo;2;0;31/5/2021
17/5/2021;2021;5;17;Mayo;Lunes;2;1;31/5/2021
18/5/2021;2021;5;18;Mayo;Martes;2;1;31/5/2021
19/5/2021;2021;5;19;Mayo;Miércoles;2;1;31/5/2021
20/5/2021;2021;5;20;Mayo;Jueves;2;1;31/5/2021
21/5/2021;2021;5;21;Mayo;Viernes;2;1;31/5/2021
22/5/2021;2021;5;22;Mayo;Sábado;2;0;31/5/2021
23/5/2021;2021;5;23;Mayo;Domingo;2;0;31/5/2021
24/5/2021;2021;5;24;Mayo;Lunes;2;1;31/5/2021
25/5/2021;2021;5;25;Mayo;Martes;2;1;31/5/2021
26/5/2021;2021;5;26;Mayo;Miércoles;2;1;31/5/2021
27/5/2021;2021;5;27;Mayo;Jueves;2;1;31/5/2021
28/5/2021;2021;5;28;Mayo;Viernes;2;1;31/5/2021
29/5/2021;2021;5;29;Mayo;Sábado;2;0;31/5/2021
30/5/2021;2021;5;30;Mayo;Domingo;2;0;31/5/2021
31/5/2021;2021;5;31;Mayo;Lunes;2;1;31/5/2021
1/6/2021;2021;6;1;Junio;Martes;2;1;30/6/2021
2/6/2021;2021;6;2;Junio;Miércoles;2;1;30/6/2021
3/6/2021;2021;6;3;Junio;Jueves;2;1;30/6/2021
4/6/2021;2021;6;4;Junio;Viernes;2;1;30/6/2021
5/6/2021;2021;6;5;Junio;Sábado;2;0;30/6/2021
6/6/2021;2021;6;6;Junio;Domingo;2;0;30/6/2021
7/6/2021;2021;6;7;Junio;Lunes;2;1;30/6/2021
8/6/2021;2021;6;8;Junio;Martes;2;1;30/6/2021
9/6/2021;2021;6;9;Junio;Miércoles;2;1;30/6/2021
10/6/2021;2021;6;10;Junio;Jueves;2;1;30/6/2021
11/6/2021;2021;6;11;Junio;Viernes;2;1;30/6/2021
12/6/2021;2021;6;12;Junio;Sábado;2;0;30/6/2021
13/6/2021;2021;6;13;Junio;Domingo;2;0;30/6/2021
14/6/2021;2021;6;14;Junio;Lunes;2;1;30/6/2021
15/6/2021;2021;6;15;Junio;Martes;2;1;30/6/2021
16/6/2021;2021;6;16;Junio;Miércoles;2;1;30/6/2021
17/6/2021;2021;6;17;Junio;Jueves;2;1;30/6/2021
18/6/2021;2021;6;18;Junio;Viernes;2;1;30/6/2021
19/6/2021;2021;6;19;Junio;Sábado;2;0;30/6/2021
20/6/2021;2021;6;20;Junio;Domingo;2;0;30/6/2021
21/6/2021;2021;6;21;Junio;Lunes;2;1;30/6/2021
22/6/2021;2021;6;22;Junio;Martes;2;1;30/6/2021
23/6/2021;2021;6;23;Junio;Miércoles;2;1;30/6/2021
24/6/2021;2021;6;24;Junio;Jueves;2;1;30/6/2021
25/6/2021;2021;6;25;Junio;Viernes;2;1;30/6/2021
26/6/2021;2021;6;26;Junio;Sábado;2;0;30/6/2021
27/6/2021;2021;6;27;Junio;Domingo;2;0;30/6/2021
28/6/2021;2021;6;28;Junio;Lunes;2;1;30/6/2021
29/6/2021;2021;6;29;Junio;Martes;2;1;30/6/2021
30/6/2021;2021;6;30;Junio;Miércoles;2;1;30/6/2021
1/7/2021;2021;7;1;Julio;Jueves;3;1;31/7/2021
2/7/2021;2021;7;2;Julio;Viernes;3;1;31/7/2021
3/7/2021;2021;7;3;Julio;Sábado;3;0;31/7/2021
4/7/2021;2021;7;4;Julio;Domingo;3;0;31/7/2021
5/7/2021;2021;7;5;Julio;Lunes;3;1;31/7/2021
6/7/2021;2021;7;6;Julio;Martes;3;1;31/7/2021
7/7/2021;2021;7;7;Julio;Miércoles;3;1;31/7/2021
8/7/2021;2021;7;8;Julio;Jueves;3;1;31/7/2021
9/7/2021;2021;7;9;Julio;Viernes;3;1;31/7/2021
10/7/2021;2021;7;10;Julio;Sábado;3;0;31/7/2021
11/7/2021;2021;7;11;Julio;Domingo;3;0;31/7/2021
12/7/2021;2021;7;12;Julio;Lunes;3;1;31/7/2021
13/7/2021;2021;7;13;Julio;Martes;3;1;31/7/2021
14/7/2021;2021;7;14;Julio;Miércoles;3;1;31/7/2021
15/7/2021;2021;7;15;Julio;Jueves;3;1;31/7/2021
16/7/2021;2021;7;16;Julio;Viernes;3;1;31/7/2021
17/7/2021;2021;7;17;Julio;Sábado;3;0;31/7/2021
18/7/2021;2021;7;18;Julio;Domingo;3;0;31/7/2021
19/7/2021;2021;7;19;Julio;Lunes;3;1;31/7/2021
20/7/2021;2021;7;20;Julio;Martes;3;1;31/7/2021
21/7/2021;2021;7;21;Julio;Miércoles;3;1;31/7/2021
22/7/2021;2021;7;22;Julio;Jueves;3;1;31/7/2021
23/7/2021;2021;7;23;Julio;Viernes;3;1;31/7/2021
24/7/2021;2021;7;24;Julio;Sábado;3;0;31/7/2021
25/7/2021;2021;7;25;Julio;Domingo;3;0;31/7/2021
26/7/2021;2021;7;26;Julio;Lunes;3;1;31/7/2021
27/7/2021;2021;7;27;Julio;Martes;3;1;31/7/2021
28/7/2021;2021;7;28;Julio;Miércoles;3;1;31/7/2021
29/7/2021;2021;7;29;Julio;Jueves;3;1;31/7/2021
30/7/2021;2021;7;30;Julio;Viernes;3;1;31/7/2021
31/7/2021;2021;7;31;Julio;Sábado;3;0;31/7/2021
1/8/2021;2021;8;1;Agosto;Domingo;3;0;31/8/2021
2/8/2021;2021;8;2;Agosto;Lunes;3;1;31/8/2021
3/8/2021;2021;8;3;Agosto;Martes;3;1;31/8/2021
4/8/2021;2021;8;4;Agosto;Miércoles;3;1;31/8/2021
5/8/2021;2021;8;5;Agosto;Jueves;3;1;31/8/2021
6/8/2021;2021;8;6;Agosto;Viernes;3;1;31/8/2021
7/8/2021;2021;8;7;Agosto;Sábado;3;0;31/8/2021
8/8/2021;2021;8;8;Agosto;Domingo;3;0;31/8/2021
9/8/2021;2021;8;9;Agosto;Lunes;3;1;31/8/2021
10/8/2021;2021;8;10;Agosto;Martes;3;1;31/8/2021
11/8/2021;2021;8;11;Agosto;Miércoles;3;1;31/8/2021
12/8/2021;2021;8;12;Agosto;Jueves;3;1;31/8/2021
13/8/2021;2021;8;13;Agosto;Viernes;3;1;31/8/2021
14/8/2021;2021;8;14;Agosto;Sábado;3;0;31/8/2021
15/8/2021;2021;8;15;Agosto;Domingo;3;0;31/8/2021
16/8/2021;2021;8;16;Agosto;Lunes;3;1;31/8/2021
17/8/2021;2021;8;17;Agosto;Martes;3;1;31/8/2021
18/8/2021;2021;8;18;Agosto;Miércoles;3;1;31/8/2021
19/8/2021;2021;8;19;Agosto;Jueves;3;1;31/8/2021
20/8/2021;2021;8;20;Agosto;Viernes;3;1;31/8/2021
21/8/2021;2021;8;21;Agosto;Sábado;3;0;31/8/2021
22/8/2021;2021;8;22;Agosto;Domingo;3;0;31/8/2021
23/8/2021;2021;8;23;Agosto;Lunes;3;1;31/8/2021
24/8/2021;2021;8;24;Agosto;Martes;3;1;31/8/2021
25/8/2021;2021;8;25;Agosto;Miércoles;3;1;31/8/2021
26/8/2021;2021;8;26;Agosto;Jueves;3;1;31/8/2021
27/8/2021;2021;8;27;Agosto;Viernes;3;1;31/8/2021
28/8/2021;2021;8;28;Agosto;Sábado;3;0;31/8/2021
29/8/2021;2021;8;29;Agosto;Domingo;3;0;31/8/2021
30/8/2021;2021;8;30;Agosto;Lunes;3;1;31/8/2021
31/8/2021;2021;8;31;Agosto;Martes;3;1;31/8/2021
1/9/2021;2021;9;1;Septiembre;Miércoles;3;1;30/9/2021
2/9/2021;2021;9;2;Septiembre;Jueves;3;1;30/9/2021
3/9/2021;2021;9;3;Septiembre;Viernes;3;1;30/9/2021
4/9/2021;2021;9;4;Septiembre;Sábado;3;0;30/9/2021
5/9/2021;2021;9;5;Septiembre;Domingo;3;0;30/9/2021
6/9/2021;2021;9;6;Septiembre;Lunes;3;1;30/9/2021
7/9/2021;2021;9;7;Septiembre;Martes;3;1;30/9/2021
8/9/2021;2021;9;8;Septiembre;Miércoles;3;1;30/9/2021
9/9/2021;2021;9;9;Septiembre;Jueves;3;1;30/9/2021
10/9/2021;2021;9;10;Septiembre;Viernes;3;1;30/9/2021
11/9/2021;2021;9;11;Septiembre;Sábado;3;0;30/9/2021
12/9/2021;2021;9;12;Septiembre;Domingo;3;0;30/9/2021
13/9/2021;2021;9;13;Septiembre;Lunes;3;1;30/9/2021
14/9/2021;2021;9;14;Septiembre;Martes;3;1;30/9/2021
15/9/2021;2021;9;15;Septiembre;Miércoles;3;1;30/9/2021
16/9/2021;2021;9;16;Septiembre;Jueves;3;1;30/9/2021
17/9/2021;2021;9;17;Septiembre;Viernes;3;1;30/9/2021
18/9/2021;2021;9;18;Septiembre;Sábado;3;0;30/9/2021
19/9/2021;2021;9;19;Septiembre;Domingo;3;0;30/9/2021
20/9/2021;2021;9;20;Septiembre;Lunes;3;1;30/9/2021
21/9/2021;2021;9;21;Septiembre;Martes;3;1;30/9/2021
22/9/2021;2021;9;22;Septiembre;Miércoles;3;1;30/9/2021
23/9/2021;2021;9;23;Septiembre;Jueves;3;1;30/9/2021
24/9/2021;2021;9;24;Septiembre;Viernes;3;1;30/9/2021
25/9/2021;2021;9;25;Septiembre;Sábado;3;0;30/9/2021
26/9/2021;2021;9;26;Septiembre;Domingo;3;0;30/9/2021
27/9/2021;2021;9;27;Septiembre;Lunes;3;1;30/9/2021
28/9/2021;2021;9;28;Septiembre;Martes;3;1;30/9/2021
29/9/2021;2021;9;29;Septiembre;Miércoles;3;1;30/9/2021
30/9/2021;2021;9;30;Septiembre;Jueves;3;1;30/9/2021
1/10/2021;2021;10;1;Octubre;Viernes;4;1;31/10/2021
2/10/2021;2021;10;2;Octubre;Sábado;4;0;31/10/2021
3/10/2021;2021;10;3;Octubre;Domingo;4;0;31/10/2021
4/10/2021;2021;10;4;Octubre;Lunes;4;1;31/10/2021
5/10/2021;2021;10;5;Octubre;Martes;4;1;31/10/2021
6/10/2021;2021;10;6;Octubre;Miércoles;4;1;31/10/2021
7/10/2021;2021;10;7;Octubre;Jueves;4;1;31/10/2021
8/10/2021;2021;10;8;Octubre;Viernes;4;1;31/10/2021
9/10/2021;2021;10;9;Octubre;Sábado;4;0;31/10/2021
10/10/2021;2021;10;10;Octubre;Domingo;4;0;31/10/2021
11/10/2021;2021;10;11;Octubre;Lunes;4;1;31/10/2021
12/10/2021;2021;10;12;Octubre;Martes;4;1;31/10/2021
13/10/2021;2021;10;13;Octubre;Miércoles;4;1;31/10/2021
14/10/2021;2021;10;14;Octubre;Jueves;4;1;31/10/2021
15/10/2021;2021;10;15;Octubre;Viernes;4;1;31/10/2021
16/10/2021;2021;10;16;Octubre;Sábado;4;0;31/10/2021
17/10/2021;2021;10;17;Octubre;Domingo;4;0;31/10/2021
18/10/2021;2021;10;18;Octubre;Lunes;4;1;31/10/2021
19/10/2021;2021;10;19;Octubre;Martes;4;1;31/10/2021
20/10/2021;2021;10;20;Octubre;Miércoles;4;1;31/10/2021
21/10/2021;2021;10;21;Octubre;Jueves;4;1;31/10/2021
22/10/2021;2021;10;22;Octubre;Viernes;4;1;31/10/2021
23/10/2021;2021;10;23;Octubre;Sábado;4;0;31/10/2021
24/10/2021;2021;10;24;Octubre;Domingo;4;0;31/10/2021
25/10/2021;2021;10;25;Octubre;Lunes;4;1;31/10/2021
26/10/2021;2021;10;26;Octubre;Martes;4;1;31/10/2021
27/10/2021;2021;10;27;Octubre;Miércoles;4;1;31/10/2021
28/10/2021;2021;10;28;Octubre;Jueves;4;1;31/10/2021
29/10/2021;2021;10;29;Octubre;Viernes;4;1;31/10/2021
30/10/2021;2021;10;30;Octubre;Sábado;4;0;31/10/2021
31/10/2021;2021;10;31;Octubre;Domingo;4;0;31/10/2021
1/11/2021;2021;11;1;Noviembre;Lunes;4;1;30/11/2021
2/11/2021;2021;11;2;Noviembre;Martes;4;1;30/11/2021
3/11/2021;2021;11;3;Noviembre;Miércoles;4;1;30/11/2021
4/11/2021;2021;11;4;Noviembre;Jueves;4;1;30/11/2021
5/11/2021;2021;11;5;Noviembre;Viernes;4;1;30/11/2021
6/11/2021;2021;11;6;Noviembre;Sábado;4;0;30/11/2021
7/11/2021;2021;11;7;Noviembre;Domingo;4;0;30/11/2021
8/11/2021;2021;11;8;Noviembre;Lunes;4;1;30/11/2021
9/11/2021;2021;11;9;Noviembre;Martes;4;1;30/11/2021
10/11/2021;2021;11;10;Noviembre;Miércoles;4;1;30/11/2021
11/11/2021;2021;11;11;Noviembre;Jueves;4;1;30/11/2021
12/11/2021;2021;11;12;Noviembre;Viernes;4;1;30/11/2021
13/11/2021;2021;11;13;Noviembre;Sábado;4;0;30/11/2021
14/11/2021;2021;11;14;Noviembre;Domingo;4;0;30/11/2021
15/11/2021;2021;11;15;Noviembre;Lunes;4;1;30/11/2021
16/11/2021;2021;11;16;Noviembre;Martes;4;1;30/11/2021
17/11/2021;2021;11;17;Noviembre;Miércoles;4;1;30/11/2021
18/11/2021;2021;11;18;Noviembre;Jueves;4;1;30/11/2021
19/11/2021;2021;11;19;Noviembre;Viernes;4;1;30/11/2021
20/11/2021;2021;11;20;Noviembre;Sábado;4;0;30/11/2021
21/11/2021;2021;11;21;Noviembre;Domingo;4;0;30/11/2021
22/11/2021;2021;11;22;Noviembre;Lunes;4;1;30/11/2021
23/11/2021;2021;11;23;Noviembre;Martes;4;1;30/11/2021
24/11/2021;2021;11;24;Noviembre;Miércoles;4;1;30/11/2021
25/11/2021;2021;11;25;Noviembre;Jueves;4;1;30/11/2021
26/11/2021;2021;11;26;Noviembre;Viernes;4;1;30/11/2021
27/11/2021;2021;11;27;Noviembre;Sábado;4;0;30/11/2021
28/11/2021;2021;11;28;Noviembre;Domingo;4;0;30/11/2021
29/11/2021;2021;11;29;Noviembre;Lunes;4;1;30/11/2021
30/11/2021;2021;11;30;Noviembre;Martes;4;1;30/11/2021
1/12/2021;2021;12;1;Diciembre;Miércoles;4;1;31/12/2021
2/12/2021;2021;12;2;Diciembre;Jueves;4;1;31/12/2021
3/12/2021;2021;12;3;Diciembre;Viernes;4;1;31/12/2021
4/12/2021;2021;12;4;Diciembre;Sábado;4;0;31/12/2021
5/12/2021;2021;12;5;Diciembre;Domingo;4;0;31/12/2021
6/12/2021;2021;12;6;Diciembre;Lunes;4;1;31/12/2021
7/12/2021;2021;12;7;Diciembre;Martes;4;1;31/12/2021
8/12/2021;2021;12;8;Diciembre;Miércoles;4;1;31/12/2021
9/12/2021;2021;12;9;Diciembre;Jueves;4;1;31/12/2021
10/12/2021;2021;12;10;Diciembre;Viernes;4;1;31/12/2021
11/12/2021;2021;12;11;Diciembre;Sábado;4;0;31/12/2021
12/12/2021;2021;12;12;Diciembre;Domingo;4;0;31/12/2021
13/12/2021;2021;12;13;Diciembre;Lunes;4;1;31/12/2021
14/12/2021;2021;12;14;Diciembre;Martes;4;1;31/12/2021
15/12/2021;2021;12;15;Diciembre;Miércoles;4;1;31/12/2021
16/12/2021;2021;12;16;Diciembre;Jueves;4;1;31/12/2021
17/12/2021;2021;12;17;Diciembre;Viernes;4;1;31/12/2021
18/12/2021;2021;12;18;Diciembre;Sábado;4;0;31/12/2021
19/12/2021;2021;12;19;Diciembre;Domingo;4;0;31/12/2021
20/12/2021;2021;12;20;Diciembre;Lunes;4;1;31/12/2021
21/12/2021;2021;12;21;Diciembre;Martes;4;1;31/12/2021
22/12/2021;2021;12;22;Diciembre;Miércoles;4;1;31/12/2021
23/12/2021;2021;12;23;Diciembre;Jueves;4;1;31/12/2021
24/12/2021;2021;12;24;Diciembre;Viernes;4;1;31/12/2021
25/12/2021;2021;12;25;Diciembre;Sábado;4;0;31/12/2021
26/12/2021;2021;12;26;Diciembre;Domingo;4;0;31/12/2021
27/12/2021;2021;12;27;Diciembre;Lunes;4;1;31/12/2021
28/12/2021;2021;12;28;Diciembre;Martes;4;1;31/12/2021
29/12/2021;2021;12;29;Diciembre;Miércoles;4;1;31/12/2021
30/12/2021;2021;12;30;Diciembre;Jueves;4;1;31/12/2021
31/12/2021;2021;12;31;Diciembre;Viernes;4;1;31/12/2021
1/1/2022;2022;1;1;Enero;Sábado;1;0;31/1/2022
2/1/2022;2022;1;2;Enero;Domingo;1;0;31/1/2022
3/1/2022;2022;1;3;Enero;Lunes;1;1;31/1/2022
4/1/2022;2022;1;4;Enero;Martes;1;1;31/1/2022
5/1/2022;2022;1;5;Enero;Miércoles;1;1;31/1/2022
6/1/2022;2022;1;6;Enero;Jueves;1;1;31/1/2022
7/1/2022;2022;1;7;Enero;Viernes;1;1;31/1/2022
8/1/2022;2022;1;8;Enero;Sábado;1;0;31/1/2022
9/1/2022;2022;1;9;Enero;Domingo;1;0;31/1/2022
10/1/2022;2022;1;10;Enero;Lunes;1;1;31/1/2022
11/1/2022;2022;1;11;Enero;Martes;1;1;31/1/2022
12/1/2022;2022;1;12;Enero;Miércoles;1;1;31/1/2022
13/1/2022;2022;1;13;Enero;Jueves;1;1;31/1/2022
14/1/2022;2022;1;14;Enero;Viernes;1;1;31/1/2022
15/1/2022;2022;1;15;Enero;Sábado;1;0;31/1/2022
16/1/2022;2022;1;16;Enero;Domingo;1;0;31/1/2022
17/1/2022;2022;1;17;Enero;Lunes;1;1;31/1/2022
18/1/2022;2022;1;18;Enero;Martes;1;1;31/1/2022
19/1/2022;2022;1;19;Enero;Miércoles;1;1;31/1/2022
20/1/2022;2022;1;20;Enero;Jueves;1;1;31/1/2022
21/1/2022;2022;1;21;Enero;Viernes;1;1;31/1/2022
22/1/2022;2022;1;22;Enero;Sábado;1;0;31/1/2022
23/1/2022;2022;1;23;Enero;Domingo;1;0;31/1/2022
24/1/2022;2022;1;24;Enero;Lunes;1;1;31/1/2022
25/1/2022;2022;1;25;Enero;Martes;1;1;31/1/2022
26/1/2022;2022;1;26;Enero;Miércoles;1;1;31/1/2022
27/1/2022;2022;1;27;Enero;Jueves;1;1;31/1/2022
28/1/2022;2022;1;28;Enero;Viernes;1;1;31/1/2022
29/1/2022;2022;1;29;Enero;Sábado;1;0;31/1/2022
30/1/2022;2022;1;30;Enero;Domingo;1;0;31/1/2022
31/1/2022;2022;1;31;Enero;Lunes;1;1;31/1/2022
1/2/2022;2022;2;1;Febrero;Martes;1;1;28/2/2022
2/2/2022;2022;2;2;Febrero;Miércoles;1;1;28/2/2022
3/2/2022;2022;2;3;Febrero;Jueves;1;1;28/2/2022
4/2/2022;2022;2;4;Febrero;Viernes;1;1;28/2/2022
5/2/2022;2022;2;5;Febrero;Sábado;1;0;28/2/2022
6/2/2022;2022;2;6;Febrero;Domingo;1;0;28/2/2022
7/2/2022;2022;2;7;Febrero;Lunes;1;1;28/2/2022
8/2/2022;2022;2;8;Febrero;Martes;1;1;28/2/2022
9/2/2022;2022;2;9;Febrero;Miércoles;1;1;28/2/2022
10/2/2022;2022;2;10;Febrero;Jueves;1;1;28/2/2022
11/2/2022;2022;2;11;Febrero;Viernes;1;1;28/2/2022
12/2/2022;2022;2;12;Febrero;Sábado;1;0;28/2/2022
13/2/2022;2022;2;13;Febrero;Domingo;1;0;28/2/2022
14/2/2022;2022;2;14;Febrero;Lunes;1;1;28/2/2022
15/2/2022;2022;2;15;Febrero;Martes;1;1;28/2/2022
16/2/2022;2022;2;16;Febrero;Miércoles;1;1;28/2/2022
17/2/2022;2022;2;17;Febrero;Jueves;1;1;28/2/2022
18/2/2022;2022;2;18;Febrero;Viernes;1;1;28/2/2022
19/2/2022;2022;2;19;Febrero;Sábado;1;0;28/2/2022
20/2/2022;2022;2;20;Febrero;Domingo;1;0;28/2/2022
21/2/2022;2022;2;21;Febrero;Lunes;1;1;28/2/2022
22/2/2022;2022;2;22;Febrero;Martes;1;1;28/2/2022
23/2/2022;2022;2;23;Febrero;Miércoles;1;1;28/2/2022
24/2/2022;2022;2;24;Febrero;Jueves;1;1;28/2/2022
25/2/2022;2022;2;25;Febrero;Viernes;1;1;28/2/2022
26/2/2022;2022;2;26;Febrero;Sábado;1;0;28/2/2022
27/2/2022;2022;2;27;Febrero;Domingo;1;0;28/2/2022
28/2/2022;2022;2;28;Febrero;Lunes;1;1;28/2/2022
1/3/2022;2022;3;1;Marzo;Martes;1;1;31/3/2022
2/3/2022;2022;3;2;Marzo;Miércoles;1;1;31/3/2022
3/3/2022;2022;3;3;Marzo;Jueves;1;1;31/3/2022
4/3/2022;2022;3;4;Marzo;Viernes;1;1;31/3/2022
5/3/2022;2022;3;5;Marzo;Sábado;1;0;31/3/2022
6/3/2022;2022;3;6;Marzo;Domingo;1;0;31/3/2022
7/3/2022;2022;3;7;Marzo;Lunes;1;1;31/3/2022
8/3/2022;2022;3;8;Marzo;Martes;1;1;31/3/2022
9/3/2022;2022;3;9;Marzo;Miércoles;1;1;31/3/2022
10/3/2022;2022;3;10;Marzo;Jueves;1;1;31/3/2022
11/3/2022;2022;3;11;Marzo;Viernes;1;1;31/3/2022
12/3/2022;2022;3;12;Marzo;Sábado;1;0;31/3/2022
13/3/2022;2022;3;13;Marzo;Domingo;1;0;31/3/2022
14/3/2022;2022;3;14;Marzo;Lunes;1;1;31/3/2022
15/3/2022;2022;3;15;Marzo;Martes;1;1;31/3/2022
16/3/2022;2022;3;16;Marzo;Miércoles;1;1;31/3/2022
17/3/2022;2022;3;17;Marzo;Jueves;1;1;31/3/2022
18/3/2022;2022;3;18;Marzo;Viernes;1;1;31/3/2022
19/3/2022;2022;3;19;Marzo;Sábado;1;0;31/3/2022
20/3/2022;2022;3;20;Marzo;Domingo;1;0;31/3/2022
21/3/2022;2022;3;21;Marzo;Lunes;1;1;31/3/2022
22/3/2022;2022;3;22;Marzo;Martes;1;1;31/3/2022
23/3/2022;2022;3;23;Marzo;Miércoles;1;1;31/3/2022
24/3/2022;2022;3;24;Marzo;Jueves;1;1;31/3/2022
25/3/2022;2022;3;25;Marzo;Viernes;1;1;31/3/2022
26/3/2022;2022;3;26;Marzo;Sábado;1;0;31/3/2022
27/3/2022;2022;3;27;Marzo;Domingo;1;0;31/3/2022
28/3/2022;2022;3;28;Marzo;Lunes;1;1;31/3/2022
29/3/2022;2022;3;29;Marzo;Martes;1;1;31/3/2022
30/3/2022;2022;3;30;Marzo;Miércoles;1;1;31/3/2022
31/3/2022;2022;3;31;Marzo;Jueves;1;1;31/3/2022
1/4/2022;2022;4;1;Abril;Viernes;2;1;30/4/2022
2/4/2022;2022;4;2;Abril;Sábado;2;0;30/4/2022
3/4/2022;2022;4;3;Abril;Domingo;2;0;30/4/2022
4/4/2022;2022;4;4;Abril;Lunes;2;1;30/4/2022
5/4/2022;2022;4;5;Abril;Martes;2;1;30/4/2022
6/4/2022;2022;4;6;Abril;Miércoles;2;1;30/4/2022
7/4/2022;2022;4;7;Abril;Jueves;2;1;30/4/2022
8/4/2022;2022;4;8;Abril;Viernes;2;1;30/4/2022
9/4/2022;2022;4;9;Abril;Sábado;2;0;30/4/2022
10/4/2022;2022;4;10;Abril;Domingo;2;0;30/4/2022
11/4/2022;2022;4;11;Abril;Lunes;2;1;30/4/2022
12/4/2022;2022;4;12;Abril;Martes;2;1;30/4/2022
13/4/2022;2022;4;13;Abril;Miércoles;2;1;30/4/2022
14/4/2022;2022;4;14;Abril;Jueves;2;1;30/4/2022
15/4/2022;2022;4;15;Abril;Viernes;2;1;30/4/2022
16/4/2022;2022;4;16;Abril;Sábado;2;0;30/4/2022
17/4/2022;2022;4;17;Abril;Domingo;2;0;30/4/2022
18/4/2022;2022;4;18;Abril;Lunes;2;1;30/4/2022
19/4/2022;2022;4;19;Abril;Martes;2;1;30/4/2022
20/4/2022;2022;4;20;Abril;Miércoles;2;1;30/4/2022
21/4/2022;2022;4;21;Abril;Jueves;2;1;30/4/2022
22/4/2022;2022;4;22;Abril;Viernes;2;1;30/4/2022
23/4/2022;2022;4;23;Abril;Sábado;2;0;30/4/2022
24/4/2022;2022;4;24;Abril;Domingo;2;0;30/4/2022
25/4/2022;2022;4;25;Abril;Lunes;2;1;30/4/2022
26/4/2022;2022;4;26;Abril;Martes;2;1;30/4/2022
27/4/2022;2022;4;27;Abril;Miércoles;2;1;30/4/2022
28/4/2022;2022;4;28;Abril;Jueves;2;1;30/4/2022
29/4/2022;2022;4;29;Abril;Viernes;2;1;30/4/2022
30/4/2022;2022;4;30;Abril;Sábado;2;0;30/4/2022
1/5/2022;2022;5;1;Mayo;Domingo;2;0;31/5/2022
2/5/2022;2022;5;2;Mayo;Lunes;2;1;31/5/2022
3/5/2022;2022;5;3;Mayo;Martes;2;1;31/5/2022
4/5/2022;2022;5;4;Mayo;Miércoles;2;1;31/5/2022
5/5/2022;2022;5;5;Mayo;Jueves;2;1;31/5/2022
6/5/2022;2022;5;6;Mayo;Viernes;2;1;31/5/2022
7/5/2022;2022;5;7;Mayo;Sábado;2;0;31/5/2022
8/5/2022;2022;5;8;Mayo;Domingo;2;0;31/5/2022
9/5/2022;2022;5;9;Mayo;Lunes;2;1;31/5/2022
10/5/2022;2022;5;10;Mayo;Martes;2;1;31/5/2022
11/5/2022;2022;5;11;Mayo;Miércoles;2;1;31/5/2022
12/5/2022;2022;5;12;Mayo;Jueves;2;1;31/5/2022
13/5/2022;2022;5;13;Mayo;Viernes;2;1;31/5/2022
14/5/2022;2022;5;14;Mayo;Sábado;2;0;31/5/2022
15/5/2022;2022;5;15;Mayo;Domingo;2;0;31/5/2022
16/5/2022;2022;5;16;Mayo;Lunes;2;1;31/5/2022
17/5/2022;2022;5;17;Mayo;Martes;2;1;31/5/2022
18/5/2022;2022;5;18;Mayo;Miércoles;2;1;31/5/2022
19/5/2022;2022;5;19;Mayo;Jueves;2;1;31/5/2022
20/5/2022;2022;5;20;Mayo;Viernes;2;1;31/5/2022
21/5/2022;2022;5;21;Mayo;Sábado;2;0;31/5/2022
22/5/2022;2022;5;22;Mayo;Domingo;2;0;31/5/2022
23/5/2022;2022;5;23;Mayo;Lunes;2;1;31/5/2022
24/5/2022;2022;5;24;Mayo;Martes;2;1;31/5/2022
25/5/2022;2022;5;25;Mayo;Miércoles;2;1;31/5/2022
26/5/2022;2022;5;26;Mayo;Jueves;2;1;31/5/2022
27/5/2022;2022;5;27;Mayo;Viernes;2;1;31/5/2022
28/5/2022;2022;5;28;Mayo;Sábado;2;0;31/5/2022
29/5/2022;2022;5;29;Mayo;Domingo;2;0;31/5/2022
30/5/2022;2022;5;30;Mayo;Lunes;2;1;31/5/2022
31/5/2022;2022;5;31;Mayo;Martes;2;1;31/5/2022
1/6/2022;2022;6;1;Junio;Miércoles;2;1;30/6/2022
2/6/2022;2022;6;2;Junio;Jueves;2;1;30/6/2022
3/6/2022;2022;6;3;Junio;Viernes;2;1;30/6/2022
4/6/2022;2022;6;4;Junio;Sábado;2;0;30/6/2022
5/6/2022;2022;6;5;Junio;Domingo;2;0;30/6/2022
6/6/2022;2022;6;6;Junio;Lunes;2;1;30/6/2022
7/6/2022;2022;6;7;Junio;Martes;2;1;30/6/2022
8/6/2022;2022;6;8;Junio;Miércoles;2;1;30/6/2022
9/6/2022;2022;6;9;Junio;Jueves;2;1;30/6/2022
10/6/2022;2022;6;10;Junio;Viernes;2;1;30/6/2022
11/6/2022;2022;6;11;Junio;Sábado;2;0;30/6/2022
12/6/2022;2022;6;12;Junio;Domingo;2;0;30/6/2022
13/6/2022;2022;6;13;Junio;Lunes;2;1;30/6/2022
14/6/2022;2022;6;14;Junio;Martes;2;1;30/6/2022
15/6/2022;2022;6;15;Junio;Miércoles;2;1;30/6/2022
16/6/2022;2022;6;16;Junio;Jueves;2;1;30/6/2022
17/6/2022;2022;6;17;Junio;Viernes;2;1;30/6/2022
18/6/2022;2022;6;18;Junio;Sábado;2;0;30/6/2022
19/6/2022;2022;6;19;Junio;Domingo;2;0;30/6/2022
20/6/2022;2022;6;20;Junio;Lunes;2;1;30/6/2022
21/6/2022;2022;6;21;Junio;Martes;2;1;30/6/2022
22/6/2022;2022;6;22;Junio;Miércoles;2;1;30/6/2022
23/6/2022;2022;6;23;Junio;Jueves;2;1;30/6/2022
24/6/2022;2022;6;24;Junio;Viernes;2;1;30/6/2022
25/6/2022;2022;6;25;Junio;Sábado;2;0;30/6/2022
26/6/2022;2022;6;26;Junio;Domingo;2;0;30/6/2022
27/6/2022;2022;6;27;Junio;Lunes;2;1;30/6/2022
28/6/2022;2022;6;28;Junio;Martes;2;1;30/6/2022
29/6/2022;2022;6;29;Junio;Miércoles;2;1;30/6/2022
30/6/2022;2022;6;30;Junio;Jueves;2;1;30/6/2022
1/7/2022;2022;7;1;Julio;Viernes;3;1;31/7/2022
2/7/2022;2022;7;2;Julio;Sábado;3;0;31/7/2022
3/7/2022;2022;7;3;Julio;Domingo;3;0;31/7/2022
4/7/2022;2022;7;4;Julio;Lunes;3;1;31/7/2022
5/7/2022;2022;7;5;Julio;Martes;3;1;31/7/2022
6/7/2022;2022;7;6;Julio;Miércoles;3;1;31/7/2022
7/7/2022;2022;7;7;Julio;Jueves;3;1;31/7/2022
8/7/2022;2022;7;8;Julio;Viernes;3;1;31/7/2022
9/7/2022;2022;7;9;Julio;Sábado;3;0;31/7/2022
10/7/2022;2022;7;10;Julio;Domingo;3;0;31/7/2022
11/7/2022;2022;7;11;Julio;Lunes;3;1;31/7/2022
12/7/2022;2022;7;12;Julio;Martes;3;1;31/7/2022
13/7/2022;2022;7;13;Julio;Miércoles;3;1;31/7/2022
14/7/2022;2022;7;14;Julio;Jueves;3;1;31/7/2022
15/7/2022;2022;7;15;Julio;Viernes;3;1;31/7/2022
16/7/2022;2022;7;16;Julio;Sábado;3;0;31/7/2022
17/7/2022;2022;7;17;Julio;Domingo;3;0;31/7/2022
18/7/2022;2022;7;18;Julio;Lunes;3;1;31/7/2022
19/7/2022;2022;7;19;Julio;Martes;3;1;31/7/2022
20/7/2022;2022;7;20;Julio;Miércoles;3;1;31/7/2022
21/7/2022;2022;7;21;Julio;Jueves;3;1;31/7/2022
22/7/2022;2022;7;22;Julio;Viernes;3;1;31/7/2022
23/7/2022;2022;7;23;Julio;Sábado;3;0;31/7/2022
24/7/2022;2022;7;24;Julio;Domingo;3;0;31/7/2022
25/7/2022;2022;7;25;Julio;Lunes;3;1;31/7/2022
26/7/2022;2022;7;26;Julio;Martes;3;1;31/7/2022
27/7/2022;2022;7;27;Julio;Miércoles;3;1;31/7/2022
28/7/2022;2022;7;28;Julio;Jueves;3;1;31/7/2022
29/7/2022;2022;7;29;Julio;Viernes;3;1;31/7/2022
30/7/2022;2022;7;30;Julio;Sábado;3;0;31/7/2022
31/7/2022;2022;7;31;Julio;Domingo;3;0;31/7/2022
1/8/2022;2022;8;1;Agosto;Lunes;3;1;31/8/2022
2/8/2022;2022;8;2;Agosto;Martes;3;1;31/8/2022
3/8/2022;2022;8;3;Agosto;Miércoles;3;1;31/8/2022
4/8/2022;2022;8;4;Agosto;Jueves;3;1;31/8/2022
5/8/2022;2022;8;5;Agosto;Viernes;3;1;31/8/2022
6/8/2022;2022;8;6;Agosto;Sábado;3;0;31/8/2022
7/8/2022;2022;8;7;Agosto;Domingo;3;0;31/8/2022
8/8/2022;2022;8;8;Agosto;Lunes;3;1;31/8/2022
9/8/2022;2022;8;9;Agosto;Martes;3;1;31/8/2022
10/8/2022;2022;8;10;Agosto;Miércoles;3;1;31/8/2022
11/8/2022;2022;8;11;Agosto;Jueves;3;1;31/8/2022
12/8/2022;2022;8;12;Agosto;Viernes;3;1;31/8/2022
13/8/2022;2022;8;13;Agosto;Sábado;3;0;31/8/2022
14/8/2022;2022;8;14;Agosto;Domingo;3;0;31/8/2022
15/8/2022;2022;8;15;Agosto;Lunes;3;1;31/8/2022
16/8/2022;2022;8;16;Agosto;Martes;3;1;31/8/2022
17/8/2022;2022;8;17;Agosto;Miércoles;3;1;31/8/2022
18/8/2022;2022;8;18;Agosto;Jueves;3;1;31/8/2022
19/8/2022;2022;8;19;Agosto;Viernes;3;1;31/8/2022
20/8/2022;2022;8;20;Agosto;Sábado;3;0;31/8/2022
21/8/2022;2022;8;21;Agosto;Domingo;3;0;31/8/2022
22/8/2022;2022;8;22;Agosto;Lunes;3;1;31/8/2022
23/8/2022;2022;8;23;Agosto;Martes;3;1;31/8/2022
24/8/2022;2022;8;24;Agosto;Miércoles;3;1;31/8/2022
25/8/2022;2022;8;25;Agosto;Jueves;3;1;31/8/2022
26/8/2022;2022;8;26;Agosto;Viernes;3;1;31/8/2022
27/8/2022;2022;8;27;Agosto;Sábado;3;0;31/8/2022
28/8/2022;2022;8;28;Agosto;Domingo;3;0;31/8/2022
29/8/2022;2022;8;29;Agosto;Lunes;3;1;31/8/2022
30/8/2022;2022;8;30;Agosto;Martes;3;1;31/8/2022
31/8/2022;2022;8;31;Agosto;Miércoles;3;1;31/8/2022
1/9/2022;2022;9;1;Septiembre;Jueves;3;1;30/9/2022
2/9/2022;2022;9;2;Septiembre;Viernes;3;1;30/9/2022
3/9/2022;2022;9;3;Septiembre;Sábado;3;0;30/9/2022
4/9/2022;2022;9;4;Septiembre;Domingo;3;0;30/9/2022
5/9/2022;2022;9;5;Septiembre;Lunes;3;1;30/9/2022
6/9/2022;2022;9;6;Septiembre;Martes;3;1;30/9/2022
7/9/2022;2022;9;7;Septiembre;Miércoles;3;1;30/9/2022
8/9/2022;2022;9;8;Septiembre;Jueves;3;1;30/9/2022
9/9/2022;2022;9;9;Septiembre;Viernes;3;1;30/9/2022
10/9/2022;2022;9;10;Septiembre;Sábado;3;0;30/9/2022
11/9/2022;2022;9;11;Septiembre;Domingo;3;0;30/9/2022
12/9/2022;2022;9;12;Septiembre;Lunes;3;1;30/9/2022
13/9/2022;2022;9;13;Septiembre;Martes;3;1;30/9/2022
14/9/2022;2022;9;14;Septiembre;Miércoles;3;1;30/9/2022
15/9/2022;2022;9;15;Septiembre;Jueves;3;1;30/9/2022
16/9/2022;2022;9;16;Septiembre;Viernes;3;1;30/9/2022
17/9/2022;2022;9;17;Septiembre;Sábado;3;0;30/9/2022
18/9/2022;2022;9;18;Septiembre;Domingo;3;0;30/9/2022
19/9/2022;2022;9;19;Septiembre;Lunes;3;1;30/9/2022
20/9/2022;2022;9;20;Septiembre;Martes;3;1;30/9/2022
21/9/2022;2022;9;21;Septiembre;Miércoles;3;1;30/9/2022
22/9/2022;2022;9;22;Septiembre;Jueves;3;1;30/9/2022
23/9/2022;2022;9;23;Septiembre;Viernes;3;1;30/9/2022
24/9/2022;2022;9;24;Septiembre;Sábado;3;0;30/9/2022
25/9/2022;2022;9;25;Septiembre;Domingo;3;0;30/9/2022
26/9/2022;2022;9;26;Septiembre;Lunes;3;1;30/9/2022
27/9/2022;2022;9;27;Septiembre;Martes;3;1;30/9/2022
28/9/2022;2022;9;28;Septiembre;Miércoles;3;1;30/9/2022
29/9/2022;2022;9;29;Septiembre;Jueves;3;1;30/9/2022
30/9/2022;2022;9;30;Septiembre;Viernes;3;1;30/9/2022
1/10/2022;2022;10;1;Octubre;Sábado;4;0;31/10/2022
2/10/2022;2022;10;2;Octubre;Domingo;4;0;31/10/2022
3/10/2022;2022;10;3;Octubre;Lunes;4;1;31/10/2022
4/10/2022;2022;10;4;Octubre;Martes;4;1;31/10/2022
5/10/2022;2022;10;5;Octubre;Miércoles;4;1;31/10/2022
6/10/2022;2022;10;6;Octubre;Jueves;4;1;31/10/2022
7/10/2022;2022;10;7;Octubre;Viernes;4;1;31/10/2022
8/10/2022;2022;10;8;Octubre;Sábado;4;0;31/10/2022
9/10/2022;2022;10;9;Octubre;Domingo;4;0;31/10/2022
10/10/2022;2022;10;10;Octubre;Lunes;4;1;31/10/2022
11/10/2022;2022;10;11;Octubre;Martes;4;1;31/10/2022
12/10/2022;2022;10;12;Octubre;Miércoles;4;1;31/10/2022
13/10/2022;2022;10;13;Octubre;Jueves;4;1;31/10/2022
14/10/2022;2022;10;14;Octubre;Viernes;4;1;31/10/2022
15/10/2022;2022;10;15;Octubre;Sábado;4;0;31/10/2022
16/10/2022;2022;10;16;Octubre;Domingo;4;0;31/10/2022
17/10/2022;2022;10;17;Octubre;Lunes;4;1;31/10/2022
18/10/2022;2022;10;18;Octubre;Martes;4;1;31/10/2022
19/10/2022;2022;10;19;Octubre;Miércoles;4;1;31/10/2022
20/10/2022;2022;10;20;Octubre;Jueves;4;1;31/10/2022
21/10/2022;2022;10;21;Octubre;Viernes;4;1;31/10/2022
22/10/2022;2022;10;22;Octubre;Sábado;4;0;31/10/2022
23/10/2022;2022;10;23;Octubre;Domingo;4;0;31/10/2022
24/10/2022;2022;10;24;Octubre;Lunes;4;1;31/10/2022
25/10/2022;2022;10;25;Octubre;Martes;4;1;31/10/2022
26/10/2022;2022;10;26;Octubre;Miércoles;4;1;31/10/2022
27/10/2022;2022;10;27;Octubre;Jueves;4;1;31/10/2022
28/10/2022;2022;10;28;Octubre;Viernes;4;1;31/10/2022
29/10/2022;2022;10;29;Octubre;Sábado;4;0;31/10/2022
30/10/2022;2022;10;30;Octubre;Domingo;4;0;31/10/2022
31/10/2022;2022;10;31;Octubre;Lunes;4;1;31/10/2022
1/11/2022;2022;11;1;Noviembre;Martes;4;1;30/11/2022
2/11/2022;2022;11;2;Noviembre;Miércoles;4;1;30/11/2022
3/11/2022;2022;11;3;Noviembre;Jueves;4;1;30/11/2022
4/11/2022;2022;11;4;Noviembre;Viernes;4;1;30/11/2022
5/11/2022;2022;11;5;Noviembre;Sábado;4;0;30/11/2022
6/11/2022;2022;11;6;Noviembre;Domingo;4;0;30/11/2022
7/11/2022;2022;11;7;Noviembre;Lunes;4;1;30/11/2022
8/11/2022;2022;11;8;Noviembre;Martes;4;1;30/11/2022
9/11/2022;2022;11;9;Noviembre;Miércoles;4;1;30/11/2022
10/11/2022;2022;11;10;Noviembre;Jueves;4;1;30/11/2022
11/11/2022;2022;11;11;Noviembre;Viernes;4;1;30/11/2022
12/11/2022;2022;11;12;Noviembre;Sábado;4;0;30/11/2022
13/11/2022;2022;11;13;Noviembre;Domingo;4;0;30/11/2022
14/11/2022;2022;11;14;Noviembre;Lunes;4;1;30/11/2022
15/11/2022;2022;11;15;Noviembre;Martes;4;1;30/11/2022
16/11/2022;2022;11;16;Noviembre;Miércoles;4;1;30/11/2022
17/11/2022;2022;11;17;Noviembre;Jueves;4;1;30/11/2022
18/11/2022;2022;11;18;Noviembre;Viernes;4;1;30/11/2022
19/11/2022;2022;11;19;Noviembre;Sábado;4;0;30/11/2022
20/11/2022;2022;11;20;Noviembre;Domingo;4;0;30/11/2022
21/11/2022;2022;11;21;Noviembre;Lunes;4;1;30/11/2022
22/11/2022;2022;11;22;Noviembre;Martes;4;1;30/11/2022
23/11/2022;2022;11;23;Noviembre;Miércoles;4;1;30/11/2022
24/11/2022;2022;11;24;Noviembre;Jueves;4;1;30/11/2022
25/11/2022;2022;11;25;Noviembre;Viernes;4;1;30/11/2022
26/11/2022;2022;11;26;Noviembre;Sábado;4;0;30/11/2022
27/11/2022;2022;11;27;Noviembre;Domingo;4;0;30/11/2022
28/11/2022;2022;11;28;Noviembre;Lunes;4;1;30/11/2022
29/11/2022;2022;11;29;Noviembre;Martes;4;1;30/11/2022
30/11/2022;2022;11;30;Noviembre;Miércoles;4;1;30/11/2022
1/12/2022;2022;12;1;Diciembre;Jueves;4;1;31/12/2022
2/12/2022;2022;12;2;Diciembre;Viernes;4;1;31/12/2022
3/12/2022;2022;12;3;Diciembre;Sábado;4;0;31/12/2022
4/12/2022;2022;12;4;Diciembre;Domingo;4;0;31/12/2022
5/12/2022;2022;12;5;Diciembre;Lunes;4;1;31/12/2022
6/12/2022;2022;12;6;Diciembre;Martes;4;1;31/12/2022
7/12/2022;2022;12;7;Diciembre;Miércoles;4;1;31/12/2022
8/12/2022;2022;12;8;Diciembre;Jueves;4;1;31/12/2022
9/12/2022;2022;12;9;Diciembre;Viernes;4;1;31/12/2022
10/12/2022;2022;12;10;Diciembre;Sábado;4;0;31/12/2022
11/12/2022;2022;12;11;Diciembre;Domingo;4;0;31/12/2022
12/12/2022;2022;12;12;Diciembre;Lunes;4;1;31/12/2022
13/12/2022;2022;12;13;Diciembre;Martes;4;1;31/12/2022
14/12/2022;2022;12;14;Diciembre;Miércoles;4;1;31/12/2022
15/12/2022;2022;12;15;Diciembre;Jueves;4;1;31/12/2022
16/12/2022;2022;12;16;Diciembre;Viernes;4;1;31/12/2022
17/12/2022;2022;12;17;Diciembre;Sábado;4;0;31/12/2022
18/12/2022;2022;12;18;Diciembre;Domingo;4;0;31/12/2022
19/12/2022;2022;12;19;Diciembre;Lunes;4;1;31/12/2022
20/12/2022;2022;12;20;Diciembre;Martes;4;1;31/12/2022
21/12/2022;2022;12;21;Diciembre;Miércoles;4;1;31/12/2022
22/12/2022;2022;12;22;Diciembre;Jueves;4;1;31/12/2022
23/12/2022;2022;12;23;Diciembre;Viernes;4;1;31/12/2022
24/12/2022;2022;12;24;Diciembre;Sábado;4;0;31/12/2022
25/12/2022;2022;12;25;Diciembre;Domingo;4;0;31/12/2022
26/12/2022;2022;12;26;Diciembre;Lunes;4;1;31/12/2022
27/12/2022;2022;12;27;Diciembre;Martes;4;1;31/12/2022
28/12/2022;2022;12;28;Diciembre;Miércoles;4;1;31/12/2022
29/12/2022;2022;12;29;Diciembre;Jueves;4;1;31/12/2022
30/12/2022;2022;12;30;Diciembre;Viernes;4;1;31/12/2022
31/12/2022;2022;12;31;Diciembre;Sábado;4;0;31/12/2022
1/1/2023;2023;1;1;Enero;Domingo;1;0;31/1/2023
2/1/2023;2023;1;2;Enero;Lunes;1;1;31/1/2023
3/1/2023;2023;1;3;Enero;Martes;1;1;31/1/2023
4/1/2023;2023;1;4;Enero;Miércoles;1;1;31/1/2023
5/1/2023;2023;1;5;Enero;Jueves;1;1;31/1/2023
6/1/2023;2023;1;6;Enero;Viernes;1;1;31/1/2023
7/1/2023;2023;1;7;Enero;Sábado;1;0;31/1/2023
8/1/2023;2023;1;8;Enero;Domingo;1;0;31/1/2023
9/1/2023;2023;1;9;Enero;Lunes;1;1;31/1/2023
10/1/2023;2023;1;10;Enero;Martes;1;1;31/1/2023
11/1/2023;2023;1;11;Enero;Miércoles;1;1;31/1/2023
12/1/2023;2023;1;12;Enero;Jueves;1;1;31/1/2023
13/1/2023;2023;1;13;Enero;Viernes;1;1;31/1/2023
14/1/2023;2023;1;14;Enero;Sábado;1;0;31/1/2023
15/1/2023;2023;1;15;Enero;Domingo;1;0;31/1/2023
16/1/2023;2023;1;16;Enero;Lunes;1;1;31/1/2023
17/1/2023;2023;1;17;Enero;Martes;1;1;31/1/2023
18/1/2023;2023;1;18;Enero;Miércoles;1;1;31/1/2023
19/1/2023;2023;1;19;Enero;Jueves;1;1;31/1/2023
20/1/2023;2023;1;20;Enero;Viernes;1;1;31/1/2023
21/1/2023;2023;1;21;Enero;Sábado;1;0;31/1/2023
22/1/2023;2023;1;22;Enero;Domingo;1;0;31/1/2023
23/1/2023;2023;1;23;Enero;Lunes;1;1;31/1/2023
24/1/2023;2023;1;24;Enero;Martes;1;1;31/1/2023
25/1/2023;2023;1;25;Enero;Miércoles;1;1;31/1/2023
26/1/2023;2023;1;26;Enero;Jueves;1;1;31/1/2023
27/1/2023;2023;1;27;Enero;Viernes;1;1;31/1/2023
28/1/2023;2023;1;28;Enero;Sábado;1;0;31/1/2023
29/1/2023;2023;1;29;Enero;Domingo;1;0;31/1/2023
30/1/2023;2023;1;30;Enero;Lunes;1;1;31/1/2023
31/1/2023;2023;1;31;Enero;Martes;1;1;31/1/2023
1/2/2023;2023;2;1;Febrero;Miércoles;1;1;28/2/2023
2/2/2023;2023;2;2;Febrero;Jueves;1;1;28/2/2023
3/2/2023;2023;2;3;Febrero;Viernes;1;1;28/2/2023
4/2/2023;2023;2;4;Febrero;Sábado;1;0;28/2/2023
5/2/2023;2023;2;5;Febrero;Domingo;1;0;28/2/2023
6/2/2023;2023;2;6;Febrero;Lunes;1;1;28/2/2023
7/2/2023;2023;2;7;Febrero;Martes;1;1;28/2/2023
8/2/2023;2023;2;8;Febrero;Miércoles;1;1;28/2/2023
9/2/2023;2023;2;9;Febrero;Jueves;1;1;28/2/2023
10/2/2023;2023;2;10;Febrero;Viernes;1;1;28/2/2023
11/2/2023;2023;2;11;Febrero;Sábado;1;0;28/2/2023
12/2/2023;2023;2;12;Febrero;Domingo;1;0;28/2/2023
13/2/2023;2023;2;13;Febrero;Lunes;1;1;28/2/2023
14/2/2023;2023;2;14;Febrero;Martes;1;1;28/2/2023
15/2/2023;2023;2;15;Febrero;Miércoles;1;1;28/2/2023
16/2/2023;2023;2;16;Febrero;Jueves;1;1;28/2/2023
17/2/2023;2023;2;17;Febrero;Viernes;1;1;28/2/2023
18/2/2023;2023;2;18;Febrero;Sábado;1;0;28/2/2023
19/2/2023;2023;2;19;Febrero;Domingo;1;0;28/2/2023
20/2/2023;2023;2;20;Febrero;Lunes;1;1;28/2/2023
21/2/2023;2023;2;21;Febrero;Martes;1;1;28/2/2023
22/2/2023;2023;2;22;Febrero;Miércoles;1;1;28/2/2023
23/2/2023;2023;2;23;Febrero;Jueves;1;1;28/2/2023
24/2/2023;2023;2;24;Febrero;Viernes;1;1;28/2/2023
25/2/2023;2023;2;25;Febrero;Sábado;1;0;28/2/2023
26/2/2023;2023;2;26;Febrero;Domingo;1;0;28/2/2023
27/2/2023;2023;2;27;Febrero;Lunes;1;1;28/2/2023
28/2/2023;2023;2;28;Febrero;Martes;1;1;28/2/2023
1/3/2023;2023;3;1;Marzo;Miércoles;1;1;31/3/2023
2/3/2023;2023;3;2;Marzo;Jueves;1;1;31/3/2023
3/3/2023;2023;3;3;Marzo;Viernes;1;1;31/3/2023
4/3/2023;2023;3;4;Marzo;Sábado;1;0;31/3/2023
5/3/2023;2023;3;5;Marzo;Domingo;1;0;31/3/2023
6/3/2023;2023;3;6;Marzo;Lunes;1;1;31/3/2023
7/3/2023;2023;3;7;Marzo;Martes;1;1;31/3/2023
8/3/2023;2023;3;8;Marzo;Miércoles;1;1;31/3/2023
9/3/2023;2023;3;9;Marzo;Jueves;1;1;31/3/2023
10/3/2023;2023;3;10;Marzo;Viernes;1;1;31/3/2023
11/3/2023;2023;3;11;Marzo;Sábado;1;0;31/3/2023
12/3/2023;2023;3;12;Marzo;Domingo;1;0;31/3/2023
13/3/2023;2023;3;13;Marzo;Lunes;1;1;31/3/2023
14/3/2023;2023;3;14;Marzo;Martes;1;1;31/3/2023
15/3/2023;2023;3;15;Marzo;Miércoles;1;1;31/3/2023
16/3/2023;2023;3;16;Marzo;Jueves;1;1;31/3/2023
17/3/2023;2023;3;17;Marzo;Viernes;1;1;31/3/2023
18/3/2023;2023;3;18;Marzo;Sábado;1;0;31/3/2023
19/3/2023;2023;3;19;Marzo;Domingo;1;0;31/3/2023
20/3/2023;2023;3;20;Marzo;Lunes;1;1;31/3/2023
21/3/2023;2023;3;21;Marzo;Martes;1;1;31/3/2023
22/3/2023;2023;3;22;Marzo;Miércoles;1;1;31/3/2023
23/3/2023;2023;3;23;Marzo;Jueves;1;1;31/3/2023
24/3/2023;2023;3;24;Marzo;Viernes;1;1;31/3/2023
25/3/2023;2023;3;25;Marzo;Sábado;1;0;31/3/2023
26/3/2023;2023;3;26;Marzo;Domingo;1;0;31/3/2023
27/3/2023;2023;3;27;Marzo;Lunes;1;1;31/3/2023
28/3/2023;2023;3;28;Marzo;Martes;1;1;31/3/2023
29/3/2023;2023;3;29;Marzo;Miércoles;1;1;31/3/2023
30/3/2023;2023;3;30;Marzo;Jueves;1;1;31/3/2023
31/3/2023;2023;3;31;Marzo;Viernes;1;1;31/3/2023
1/4/2023;2023;4;1;Abril;Sábado;2;0;30/4/2023
2/4/2023;2023;4;2;Abril;Domingo;2;0;30/4/2023
3/4/2023;2023;4;3;Abril;Lunes;2;1;30/4/2023
4/4/2023;2023;4;4;Abril;Martes;2;1;30/4/2023
5/4/2023;2023;4;5;Abril;Miércoles;2;1;30/4/2023
6/4/2023;2023;4;6;Abril;Jueves;2;1;30/4/2023
7/4/2023;2023;4;7;Abril;Viernes;2;1;30/4/2023
8/4/2023;2023;4;8;Abril;Sábado;2;0;30/4/2023
9/4/2023;2023;4;9;Abril;Domingo;2;0;30/4/2023
10/4/2023;2023;4;10;Abril;Lunes;2;1;30/4/2023
11/4/2023;2023;4;11;Abril;Martes;2;1;30/4/2023
12/4/2023;2023;4;12;Abril;Miércoles;2;1;30/4/2023
13/4/2023;2023;4;13;Abril;Jueves;2;1;30/4/2023
14/4/2023;2023;4;14;Abril;Viernes;2;1;30/4/2023
15/4/2023;2023;4;15;Abril;Sábado;2;0;30/4/2023
16/4/2023;2023;4;16;Abril;Domingo;2;0;30/4/2023
17/4/2023;2023;4;17;Abril;Lunes;2;1;30/4/2023
18/4/2023;2023;4;18;Abril;Martes;2;1;30/4/2023
19/4/2023;2023;4;19;Abril;Miércoles;2;1;30/4/2023
20/4/2023;2023;4;20;Abril;Jueves;2;1;30/4/2023
21/4/2023;2023;4;21;Abril;Viernes;2;1;30/4/2023
22/4/2023;2023;4;22;Abril;Sábado;2;0;30/4/2023
23/4/2023;2023;4;23;Abril;Domingo;2;0;30/4/2023
24/4/2023;2023;4;24;Abril;Lunes;2;1;30/4/2023
25/4/2023;2023;4;25;Abril;Martes;2;1;30/4/2023
26/4/2023;2023;4;26;Abril;Miércoles;2;1;30/4/2023
27/4/2023;2023;4;27;Abril;Jueves;2;1;30/4/2023
28/4/2023;2023;4;28;Abril;Viernes;2;1;30/4/2023
29/4/2023;2023;4;29;Abril;Sábado;2;0;30/4/2023
30/4/2023;2023;4;30;Abril;Domingo;2;0;30/4/2023
1/5/2023;2023;5;1;Mayo;Lunes;2;1;31/5/2023
2/5/2023;2023;5;2;Mayo;Martes;2;1;31/5/2023
3/5/2023;2023;5;3;Mayo;Miércoles;2;1;31/5/2023
4/5/2023;2023;5;4;Mayo;Jueves;2;1;31/5/2023
5/5/2023;2023;5;5;Mayo;Viernes;2;1;31/5/2023
6/5/2023;2023;5;6;Mayo;Sábado;2;0;31/5/2023
7/5/2023;2023;5;7;Mayo;Domingo;2;0;31/5/2023
8/5/2023;2023;5;8;Mayo;Lunes;2;1;31/5/2023
9/5/2023;2023;5;9;Mayo;Martes;2;1;31/5/2023
10/5/2023;2023;5;10;Mayo;Miércoles;2;1;31/5/2023
11/5/2023;2023;5;11;Mayo;Jueves;2;1;31/5/2023
12/5/2023;2023;5;12;Mayo;Viernes;2;1;31/5/2023
13/5/2023;2023;5;13;Mayo;Sábado;2;0;31/5/2023
14/5/2023;2023;5;14;Mayo;Domingo;2;0;31/5/2023
15/5/2023;2023;5;15;Mayo;Lunes;2;1;31/5/2023
16/5/2023;2023;5;16;Mayo;Martes;2;1;31/5/2023
17/5/2023;2023;5;17;Mayo;Miércoles;2;1;31/5/2023
18/5/2023;2023;5;18;Mayo;Jueves;2;1;31/5/2023
19/5/2023;2023;5;19;Mayo;Viernes;2;1;31/5/2023
20/5/2023;2023;5;20;Mayo;Sábado;2;0;31/5/2023
21/5/2023;2023;5;21;Mayo;Domingo;2;0;31/5/2023
22/5/2023;2023;5;22;Mayo;Lunes;2;1;31/5/2023
23/5/2023;2023;5;23;Mayo;Martes;2;1;31/5/2023
24/5/2023;2023;5;24;Mayo;Miércoles;2;1;31/5/2023
25/5/2023;2023;5;25;Mayo;Jueves;2;1;31/5/2023
26/5/2023;2023;5;26;Mayo;Viernes;2;1;31/5/2023
27/5/2023;2023;5;27;Mayo;Sábado;2;0;31/5/2023
28/5/2023;2023;5;28;Mayo;Domingo;2;0;31/5/2023
29/5/2023;2023;5;29;Mayo;Lunes;2;1;31/5/2023
30/5/2023;2023;5;30;Mayo;Martes;2;1;31/5/2023
31/5/2023;2023;5;31;Mayo;Miércoles;2;1;31/5/2023
1/6/2023;2023;6;1;Junio;Jueves;2;1;30/6/2023
2/6/2023;2023;6;2;Junio;Viernes;2;1;30/6/2023
3/6/2023;2023;6;3;Junio;Sábado;2;0;30/6/2023
4/6/2023;2023;6;4;Junio;Domingo;2;0;30/6/2023
5/6/2023;2023;6;5;Junio;Lunes;2;1;30/6/2023
6/6/2023;2023;6;6;Junio;Martes;2;1;30/6/2023
7/6/2023;2023;6;7;Junio;Miércoles;2;1;30/6/2023
8/6/2023;2023;6;8;Junio;Jueves;2;1;30/6/2023
9/6/2023;2023;6;9;Junio;Viernes;2;1;30/6/2023
10/6/2023;2023;6;10;Junio;Sábado;2;0;30/6/2023
11/6/2023;2023;6;11;Junio;Domingo;2;0;30/6/2023
12/6/2023;2023;6;12;Junio;Lunes;2;1;30/6/2023
13/6/2023;2023;6;13;Junio;Martes;2;1;30/6/2023
14/6/2023;2023;6;14;Junio;Miércoles;2;1;30/6/2023
15/6/2023;2023;6;15;Junio;Jueves;2;1;30/6/2023
16/6/2023;2023;6;16;Junio;Viernes;2;1;30/6/2023
17/6/2023;2023;6;17;Junio;Sábado;2;0;30/6/2023
18/6/2023;2023;6;18;Junio;Domingo;2;0;30/6/2023
19/6/2023;2023;6;19;Junio;Lunes;2;1;30/6/2023
20/6/2023;2023;6;20;Junio;Martes;2;1;30/6/2023
21/6/2023;2023;6;21;Junio;Miércoles;2;1;30/6/2023
22/6/2023;2023;6;22;Junio;Jueves;2;1;30/6/2023
23/6/2023;2023;6;23;Junio;Viernes;2;1;30/6/2023
24/6/2023;2023;6;24;Junio;Sábado;2;0;30/6/2023
25/6/2023;2023;6;25;Junio;Domingo;2;0;30/6/2023
26/6/2023;2023;6;26;Junio;Lunes;2;1;30/6/2023
27/6/2023;2023;6;27;Junio;Martes;2;1;30/6/2023
28/6/2023;2023;6;28;Junio;Miércoles;2;1;30/6/2023
29/6/2023;2023;6;29;Junio;Jueves;2;1;30/6/2023
30/6/2023;2023;6;30;Junio;Viernes;2;1;30/6/2023
1/7/2023;2023;7;1;Julio;Sábado;3;0;31/7/2023
2/7/2023;2023;7;2;Julio;Domingo;3;0;31/7/2023
3/7/2023;2023;7;3;Julio;Lunes;3;1;31/7/2023
4/7/2023;2023;7;4;Julio;Martes;3;1;31/7/2023
5/7/2023;2023;7;5;Julio;Miércoles;3;1;31/7/2023
6/7/2023;2023;7;6;Julio;Jueves;3;1;31/7/2023
7/7/2023;2023;7;7;Julio;Viernes;3;1;31/7/2023
8/7/2023;2023;7;8;Julio;Sábado;3;0;31/7/2023
9/7/2023;2023;7;9;Julio;Domingo;3;0;31/7/2023
10/7/2023;2023;7;10;Julio;Lunes;3;1;31/7/2023
11/7/2023;2023;7;11;Julio;Martes;3;1;31/7/2023
12/7/2023;2023;7;12;Julio;Miércoles;3;1;31/7/2023
13/7/2023;2023;7;13;Julio;Jueves;3;1;31/7/2023
14/7/2023;2023;7;14;Julio;Viernes;3;1;31/7/2023
15/7/2023;2023;7;15;Julio;Sábado;3;0;31/7/2023
16/7/2023;2023;7;16;Julio;Domingo;3;0;31/7/2023
17/7/2023;2023;7;17;Julio;Lunes;3;1;31/7/2023
18/7/2023;2023;7;18;Julio;Martes;3;1;31/7/2023
19/7/2023;2023;7;19;Julio;Miércoles;3;1;31/7/2023
20/7/2023;2023;7;20;Julio;Jueves;3;1;31/7/2023
21/7/2023;2023;7;21;Julio;Viernes;3;1;31/7/2023
22/7/2023;2023;7;22;Julio;Sábado;3;0;31/7/2023
23/7/2023;2023;7;23;Julio;Domingo;3;0;31/7/2023
24/7/2023;2023;7;24;Julio;Lunes;3;1;31/7/2023
25/7/2023;2023;7;25;Julio;Martes;3;1;31/7/2023
26/7/2023;2023;7;26;Julio;Miércoles;3;1;31/7/2023
27/7/2023;2023;7;27;Julio;Jueves;3;1;31/7/2023
28/7/2023;2023;7;28;Julio;Viernes;3;1;31/7/2023
29/7/2023;2023;7;29;Julio;Sábado;3;0;31/7/2023
30/7/2023;2023;7;30;Julio;Domingo;3;0;31/7/2023
31/7/2023;2023;7;31;Julio;Lunes;3;1;31/7/2023
1/8/2023;2023;8;1;Agosto;Martes;3;1;31/8/2023
2/8/2023;2023;8;2;Agosto;Miércoles;3;1;31/8/2023
3/8/2023;2023;8;3;Agosto;Jueves;3;1;31/8/2023
4/8/2023;2023;8;4;Agosto;Viernes;3;1;31/8/2023
5/8/2023;2023;8;5;Agosto;Sábado;3;0;31/8/2023
6/8/2023;2023;8;6;Agosto;Domingo;3;0;31/8/2023
7/8/2023;2023;8;7;Agosto;Lunes;3;1;31/8/2023
8/8/2023;2023;8;8;Agosto;Martes;3;1;31/8/2023
9/8/2023;2023;8;9;Agosto;Miércoles;3;1;31/8/2023
10/8/2023;2023;8;10;Agosto;Jueves;3;1;31/8/2023
11/8/2023;2023;8;11;Agosto;Viernes;3;1;31/8/2023
12/8/2023;2023;8;12;Agosto;Sábado;3;0;31/8/2023
13/8/2023;2023;8;13;Agosto;Domingo;3;0;31/8/2023
14/8/2023;2023;8;14;Agosto;Lunes;3;1;31/8/2023
15/8/2023;2023;8;15;Agosto;Martes;3;1;31/8/2023
16/8/2023;2023;8;16;Agosto;Miércoles;3;1;31/8/2023
17/8/2023;2023;8;17;Agosto;Jueves;3;1;31/8/2023
18/8/2023;2023;8;18;Agosto;Viernes;3;1;31/8/2023
19/8/2023;2023;8;19;Agosto;Sábado;3;0;31/8/2023
20/8/2023;2023;8;20;Agosto;Domingo;3;0;31/8/2023
21/8/2023;2023;8;21;Agosto;Lunes;3;1;31/8/2023
22/8/2023;2023;8;22;Agosto;Martes;3;1;31/8/2023
23/8/2023;2023;8;23;Agosto;Miércoles;3;1;31/8/2023
24/8/2023;2023;8;24;Agosto;Jueves;3;1;31/8/2023
25/8/2023;2023;8;25;Agosto;Viernes;3;1;31/8/2023
26/8/2023;2023;8;26;Agosto;Sábado;3;0;31/8/2023
27/8/2023;2023;8;27;Agosto;Domingo;3;0;31/8/2023
28/8/2023;2023;8;28;Agosto;Lunes;3;1;31/8/2023
29/8/2023;2023;8;29;Agosto;Martes;3;1;31/8/2023
30/8/2023;2023;8;30;Agosto;Miércoles;3;1;31/8/2023
31/8/2023;2023;8;31;Agosto;Jueves;3;1;31/8/2023
1/9/2023;2023;9;1;Septiembre;Viernes;3;1;30/9/2023
2/9/2023;2023;9;2;Septiembre;Sábado;3;0;30/9/2023
3/9/2023;2023;9;3;Septiembre;Domingo;3;0;30/9/2023
4/9/2023;2023;9;4;Septiembre;Lunes;3;1;30/9/2023
5/9/2023;2023;9;5;Septiembre;Martes;3;1;30/9/2023
6/9/2023;2023;9;6;Septiembre;Miércoles;3;1;30/9/2023
7/9/2023;2023;9;7;Septiembre;Jueves;3;1;30/9/2023
8/9/2023;2023;9;8;Septiembre;Viernes;3;1;30/9/2023
9/9/2023;2023;9;9;Septiembre;Sábado;3;0;30/9/2023
10/9/2023;2023;9;10;Septiembre;Domingo;3;0;30/9/2023
11/9/2023;2023;9;11;Septiembre;Lunes;3;1;30/9/2023
12/9/2023;2023;9;12;Septiembre;Martes;3;1;30/9/2023
13/9/2023;2023;9;13;Septiembre;Miércoles;3;1;30/9/2023
14/9/2023;2023;9;14;Septiembre;Jueves;3;1;30/9/2023
15/9/2023;2023;9;15;Septiembre;Viernes;3;1;30/9/2023
16/9/2023;2023;9;16;Septiembre;Sábado;3;0;30/9/2023
17/9/2023;2023;9;17;Septiembre;Domingo;3;0;30/9/2023
18/9/2023;2023;9;18;Septiembre;Lunes;3;1;30/9/2023
19/9/2023;2023;9;19;Septiembre;Martes;3;1;30/9/2023
20/9/2023;2023;9;20;Septiembre;Miércoles;3;1;30/9/2023
21/9/2023;2023;9;21;Septiembre;Jueves;3;1;30/9/2023
22/9/2023;2023;9;22;Septiembre;Viernes;3;1;30/9/2023
23/9/2023;2023;9;23;Septiembre;Sábado;3;0;30/9/2023
24/9/2023;2023;9;24;Septiembre;Domingo;3;0;30/9/2023
25/9/2023;2023;9;25;Septiembre;Lunes;3;1;30/9/2023
26/9/2023;2023;9;26;Septiembre;Martes;3;1;30/9/2023
27/9/2023;2023;9;27;Septiembre;Miércoles;3;1;30/9/2023
28/9/2023;2023;9;28;Septiembre;Jueves;3;1;30/9/2023
29/9/2023;2023;9;29;Septiembre;Viernes;3;1;30/9/2023
30/9/2023;2023;9;30;Septiembre;Sábado;3;0;30/9/2023
1/10/2023;2023;10;1;Octubre;Domingo;4;0;31/10/2023
2/10/2023;2023;10;2;Octubre;Lunes;4;1;31/10/2023
3/10/2023;2023;10;3;Octubre;Martes;4;1;31/10/2023
4/10/2023;2023;10;4;Octubre;Miércoles;4;1;31/10/2023
5/10/2023;2023;10;5;Octubre;Jueves;4;1;31/10/2023
6/10/2023;2023;10;6;Octubre;Viernes;4;1;31/10/2023
7/10/2023;2023;10;7;Octubre;Sábado;4;0;31/10/2023
8/10/2023;2023;10;8;Octubre;Domingo;4;0;31/10/2023
9/10/2023;2023;10;9;Octubre;Lunes;4;1;31/10/2023
10/10/2023;2023;10;10;Octubre;Martes;4;1;31/10/2023
11/10/2023;2023;10;11;Octubre;Miércoles;4;1;31/10/2023
12/10/2023;2023;10;12;Octubre;Jueves;4;1;31/10/2023
13/10/2023;2023;10;13;Octubre;Viernes;4;1;31/10/2023
14/10/2023;2023;10;14;Octubre;Sábado;4;0;31/10/2023
15/10/2023;2023;10;15;Octubre;Domingo;4;0;31/10/2023
16/10/2023;2023;10;16;Octubre;Lunes;4;1;31/10/2023
17/10/2023;2023;10;17;Octubre;Martes;4;1;31/10/2023
18/10/2023;2023;10;18;Octubre;Miércoles;4;1;31/10/2023
19/10/2023;2023;10;19;Octubre;Jueves;4;1;31/10/2023
20/10/2023;2023;10;20;Octubre;Viernes;4;1;31/10/2023
21/10/2023;2023;10;21;Octubre;Sábado;4;0;31/10/2023
22/10/2023;2023;10;22;Octubre;Domingo;4;0;31/10/2023
23/10/2023;2023;10;23;Octubre;Lunes;4;1;31/10/2023
24/10/2023;2023;10;24;Octubre;Martes;4;1;31/10/2023
25/10/2023;2023;10;25;Octubre;Miércoles;4;1;31/10/2023
26/10/2023;2023;10;26;Octubre;Jueves;4;1;31/10/2023
27/10/2023;2023;10;27;Octubre;Viernes;4;1;31/10/2023
28/10/2023;2023;10;28;Octubre;Sábado;4;0;31/10/2023
29/10/2023;2023;10;29;Octubre;Domingo;4;0;31/10/2023
30/10/2023;2023;10;30;Octubre;Lunes;4;1;31/10/2023
31/10/2023;2023;10;31;Octubre;Martes;4;1;31/10/2023
1/11/2023;2023;11;1;Noviembre;Miércoles;4;1;30/11/2023
2/11/2023;2023;11;2;Noviembre;Jueves;4;1;30/11/2023
3/11/2023;2023;11;3;Noviembre;Viernes;4;1;30/11/2023
4/11/2023;2023;11;4;Noviembre;Sábado;4;0;30/11/2023
5/11/2023;2023;11;5;Noviembre;Domingo;4;0;30/11/2023
6/11/2023;2023;11;6;Noviembre;Lunes;4;1;30/11/2023
7/11/2023;2023;11;7;Noviembre;Martes;4;1;30/11/2023
8/11/2023;2023;11;8;Noviembre;Miércoles;4;1;30/11/2023
9/11/2023;2023;11;9;Noviembre;Jueves;4;1;30/11/2023
10/11/2023;2023;11;10;Noviembre;Viernes;4;1;30/11/2023
11/11/2023;2023;11;11;Noviembre;Sábado;4;0;30/11/2023
12/11/2023;2023;11;12;Noviembre;Domingo;4;0;30/11/2023
13/11/2023;2023;11;13;Noviembre;Lunes;4;1;30/11/2023
14/11/2023;2023;11;14;Noviembre;Martes;4;1;30/11/2023
15/11/2023;2023;11;15;Noviembre;Miércoles;4;1;30/11/2023
16/11/2023;2023;11;16;Noviembre;Jueves;4;1;30/11/2023
17/11/2023;2023;11;17;Noviembre;Viernes;4;1;30/11/2023
18/11/2023;2023;11;18;Noviembre;Sábado;4;0;30/11/2023
19/11/2023;2023;11;19;Noviembre;Domingo;4;0;30/11/2023
20/11/2023;2023;11;20;Noviembre;Lunes;4;1;30/11/2023
21/11/2023;2023;11;21;Noviembre;Martes;4;1;30/11/2023
22/11/2023;2023;11;22;Noviembre;Miércoles;4;1;30/11/2023
23/11/2023;2023;11;23;Noviembre;Jueves;4;1;30/11/2023
24/11/2023;2023;11;24;Noviembre;Viernes;4;1;30/11/2023
25/11/2023;2023;11;25;Noviembre;Sábado;4;0;30/11/2023
26/11/2023;2023;11;26;Noviembre;Domingo;4;0;30/11/2023
27/11/2023;2023;11;27;Noviembre;Lunes;4;1;30/11/2023
28/11/2023;2023;11;28;Noviembre;Martes;4;1;30/11/2023
29/11/2023;2023;11;29;Noviembre;Miércoles;4;1;30/11/2023
30/11/2023;2023;11;30;Noviembre;Jueves;4;1;30/11/2023
1/12/2023;2023;12;1;Diciembre;Viernes;4;1;31/12/2023
2/12/2023;2023;12;2;Diciembre;Sábado;4;0;31/12/2023
3/12/2023;2023;12;3;Diciembre;Domingo;4;0;31/12/2023
4/12/2023;2023;12;4;Diciembre;Lunes;4;1;31/12/2023
5/12/2023;2023;12;5;Diciembre;Martes;4;1;31/12/2023
6/12/2023;2023;12;6;Diciembre;Miércoles;4;1;31/12/2023
7/12/2023;2023;12;7;Diciembre;Jueves;4;1;31/12/2023
8/12/2023;2023;12;8;Diciembre;Viernes;4;1;31/12/2023
9/12/2023;2023;12;9;Diciembre;Sábado;4;0;31/12/2023
10/12/2023;2023;12;10;Diciembre;Domingo;4;0;31/12/2023
11/12/2023;2023;12;11;Diciembre;Lunes;4;1;31/12/2023
12/12/2023;2023;12;12;Diciembre;Martes;4;1;31/12/2023
13/12/2023;2023;12;13;Diciembre;Miércoles;4;1;31/12/2023
14/12/2023;2023;12;14;Diciembre;Jueves;4;1;31/12/2023
15/12/2023;2023;12;15;Diciembre;Viernes;4;1;31/12/2023
16/12/2023;2023;12;16;Diciembre;Sábado;4;0;31/12/2023
17/12/2023;2023;12;17;Diciembre;Domingo;4;0;31/12/2023
18/12/2023;2023;12;18;Diciembre;Lunes;4;1;31/12/2023
19/12/2023;2023;12;19;Diciembre;Martes;4;1;31/12/2023
20/12/2023;2023;12;20;Diciembre;Miércoles;4;1;31/12/2023
21/12/2023;2023;12;21;Diciembre;Jueves;4;1;31/12/2023
22/12/2023;2023;12;22;Diciembre;Viernes;4;1;31/12/2023
23/12/2023;2023;12;23;Diciembre;Sábado;4;0;31/12/2023
24/12/2023;2023;12;24;Diciembre;Domingo;4;0;31/12/2023
25/12/2023;2023;12;25;Diciembre;Lunes;4;1;31/12/2023
26/12/2023;2023;12;26;Diciembre;Martes;4;1;31/12/2023
27/12/2023;2023;12;27;Diciembre;Miércoles;4;1;31/12/2023
28/12/2023;2023;12;28;Diciembre;Jueves;4;1;31/12/2023
29/12/2023;2023;12;29;Diciembre;Viernes;4;1;31/12/2023
30/12/2023;2023;12;30;Diciembre;Sábado;4;0;31/12/2023
31/12/2023;2023;12;31;Diciembre;Domingo;4;0;31/12/2023
1/1/2024;2024;1;1;Enero;Lunes;1;1;31/1/2024
2/1/2024;2024;1;2;Enero;Martes;1;1;31/1/2024
3/1/2024;2024;1;3;Enero;Miércoles;1;1;31/1/2024
4/1/2024;2024;1;4;Enero;Jueves;1;1;31/1/2024
5/1/2024;2024;1;5;Enero;Viernes;1;1;31/1/2024
6/1/2024;2024;1;6;Enero;Sábado;1;0;31/1/2024
7/1/2024;2024;1;7;Enero;Domingo;1;0;31/1/2024
8/1/2024;2024;1;8;Enero;Lunes;1;1;31/1/2024
9/1/2024;2024;1;9;Enero;Martes;1;1;31/1/2024
10/1/2024;2024;1;10;Enero;Miércoles;1;1;31/1/2024
11/1/2024;2024;1;11;Enero;Jueves;1;1;31/1/2024
12/1/2024;2024;1;12;Enero;Viernes;1;1;31/1/2024
13/1/2024;2024;1;13;Enero;Sábado;1;0;31/1/2024
14/1/2024;2024;1;14;Enero;Domingo;1;0;31/1/2024
15/1/2024;2024;1;15;Enero;Lunes;1;1;31/1/2024
16/1/2024;2024;1;16;Enero;Martes;1;1;31/1/2024
17/1/2024;2024;1;17;Enero;Miércoles;1;1;31/1/2024
18/1/2024;2024;1;18;Enero;Jueves;1;1;31/1/2024
19/1/2024;2024;1;19;Enero;Viernes;1;1;31/1/2024
20/1/2024;2024;1;20;Enero;Sábado;1;0;31/1/2024
21/1/2024;2024;1;21;Enero;Domingo;1;0;31/1/2024
22/1/2024;2024;1;22;Enero;Lunes;1;1;31/1/2024
23/1/2024;2024;1;23;Enero;Martes;1;1;31/1/2024
24/1/2024;2024;1;24;Enero;Miércoles;1;1;31/1/2024
25/1/2024;2024;1;25;Enero;Jueves;1;1;31/1/2024
26/1/2024;2024;1;26;Enero;Viernes;1;1;31/1/2024
27/1/2024;2024;1;27;Enero;Sábado;1;0;31/1/2024
28/1/2024;2024;1;28;Enero;Domingo;1;0;31/1/2024
29/1/2024;2024;1;29;Enero;Lunes;1;1;31/1/2024
30/1/2024;2024;1;30;Enero;Martes;1;1;31/1/2024
31/1/2024;2024;1;31;Enero;Miércoles;1;1;31/1/2024
1/2/2024;2024;2;1;Febrero;Jueves;1;1;29/2/2024
2/2/2024;2024;2;2;Febrero;Viernes;1;1;29/2/2024
3/2/2024;2024;2;3;Febrero;Sábado;1;0;29/2/2024
4/2/2024;2024;2;4;Febrero;Domingo;1;0;29/2/2024
5/2/2024;2024;2;5;Febrero;Lunes;1;1;29/2/2024
6/2/2024;2024;2;6;Febrero;Martes;1;1;29/2/2024
7/2/2024;2024;2;7;Febrero;Miércoles;1;1;29/2/2024
8/2/2024;2024;2;8;Febrero;Jueves;1;1;29/2/2024
9/2/2024;2024;2;9;Febrero;Viernes;1;1;29/2/2024
10/2/2024;2024;2;10;Febrero;Sábado;1;0;29/2/2024
11/2/2024;2024;2;11;Febrero;Domingo;1;0;29/2/2024
12/2/2024;2024;2;12;Febrero;Lunes;1;1;29/2/2024
13/2/2024;2024;2;13;Febrero;Martes;1;1;29/2/2024
14/2/2024;2024;2;14;Febrero;Miércoles;1;1;29/2/2024
15/2/2024;2024;2;15;Febrero;Jueves;1;1;29/2/2024
16/2/2024;2024;2;16;Febrero;Viernes;1;1;29/2/2024
17/2/2024;2024;2;17;Febrero;Sábado;1;0;29/2/2024
18/2/2024;2024;2;18;Febrero;Domingo;1;0;29/2/2024
19/2/2024;2024;2;19;Febrero;Lunes;1;1;29/2/2024
20/2/2024;2024;2;20;Febrero;Martes;1;1;29/2/2024
21/2/2024;2024;2;21;Febrero;Miércoles;1;1;29/2/2024
22/2/2024;2024;2;22;Febrero;Jueves;1;1;29/2/2024
23/2/2024;2024;2;23;Febrero;Viernes;1;1;29/2/2024
24/2/2024;2024;2;24;Febrero;Sábado;1;0;29/2/2024
25/2/2024;2024;2;25;Febrero;Domingo;1;0;29/2/2024
26/2/2024;2024;2;26;Febrero;Lunes;1;1;29/2/2024
27/2/2024;2024;2;27;Febrero;Martes;1;1;29/2/2024
28/2/2024;2024;2;28;Febrero;Miércoles;1;1;29/2/2024
29/2/2024;2024;2;29;Febrero;Jueves;1;1;29/2/2024
1/3/2024;2024;3;1;Marzo;Viernes;1;1;31/3/2024
2/3/2024;2024;3;2;Marzo;Sábado;1;0;31/3/2024
3/3/2024;2024;3;3;Marzo;Domingo;1;0;31/3/2024
4/3/2024;2024;3;4;Marzo;Lunes;1;1;31/3/2024
5/3/2024;2024;3;5;Marzo;Martes;1;1;31/3/2024
6/3/2024;2024;3;6;Marzo;Miércoles;1;1;31/3/2024
7/3/2024;2024;3;7;Marzo;Jueves;1;1;31/3/2024
8/3/2024;2024;3;8;Marzo;Viernes;1;1;31/3/2024
9/3/2024;2024;3;9;Marzo;Sábado;1;0;31/3/2024
10/3/2024;2024;3;10;Marzo;Domingo;1;0;31/3/2024
11/3/2024;2024;3;11;Marzo;Lunes;1;1;31/3/2024
12/3/2024;2024;3;12;Marzo;Martes;1;1;31/3/2024
13/3/2024;2024;3;13;Marzo;Miércoles;1;1;31/3/2024
14/3/2024;2024;3;14;Marzo;Jueves;1;1;31/3/2024
15/3/2024;2024;3;15;Marzo;Viernes;1;1;31/3/2024
16/3/2024;2024;3;16;Marzo;Sábado;1;0;31/3/2024
17/3/2024;2024;3;17;Marzo;Domingo;1;0;31/3/2024
18/3/2024;2024;3;18;Marzo;Lunes;1;1;31/3/2024
19/3/2024;2024;3;19;Marzo;Martes;1;1;31/3/2024
20/3/2024;2024;3;20;Marzo;Miércoles;1;1;31/3/2024
21/3/2024;2024;3;21;Marzo;Jueves;1;1;31/3/2024
22/3/2024;2024;3;22;Marzo;Viernes;1;1;31/3/2024
23/3/2024;2024;3;23;Marzo;Sábado;1;0;31/3/2024
24/3/2024;2024;3;24;Marzo;Domingo;1;0;31/3/2024
25/3/2024;2024;3;25;Marzo;Lunes;1;1;31/3/2024
26/3/2024;2024;3;26;Marzo;Martes;1;1;31/3/2024
27/3/2024;2024;3;27;Marzo;Miércoles;1;1;31/3/2024
28/3/2024;2024;3;28;Marzo;Jueves;1;1;31/3/2024
29/3/2024;2024;3;29;Marzo;Viernes;1;1;31/3/2024
30/3/2024;2024;3;30;Marzo;Sábado;1;0;31/3/2024
31/3/2024;2024;3;31;Marzo;Domingo;1;0;31/3/2024
1/4/2024;2024;4;1;Abril;Lunes;2;1;30/4/2024
2/4/2024;2024;4;2;Abril;Martes;2;1;30/4/2024
3/4/2024;2024;4;3;Abril;Miércoles;2;1;30/4/2024
4/4/2024;2024;4;4;Abril;Jueves;2;1;30/4/2024
5/4/2024;2024;4;5;Abril;Viernes;2;1;30/4/2024
6/4/2024;2024;4;6;Abril;Sábado;2;0;30/4/2024
7/4/2024;2024;4;7;Abril;Domingo;2;0;30/4/2024
8/4/2024;2024;4;8;Abril;Lunes;2;1;30/4/2024
9/4/2024;2024;4;9;Abril;Martes;2;1;30/4/2024
10/4/2024;2024;4;10;Abril;Miércoles;2;1;30/4/2024
11/4/2024;2024;4;11;Abril;Jueves;2;1;30/4/2024
12/4/2024;2024;4;12;Abril;Viernes;2;1;30/4/2024
13/4/2024;2024;4;13;Abril;Sábado;2;0;30/4/2024
14/4/2024;2024;4;14;Abril;Domingo;2;0;30/4/2024
15/4/2024;2024;4;15;Abril;Lunes;2;1;30/4/2024
16/4/2024;2024;4;16;Abril;Martes;2;1;30/4/2024
17/4/2024;2024;4;17;Abril;Miércoles;2;1;30/4/2024
18/4/2024;2024;4;18;Abril;Jueves;2;1;30/4/2024
19/4/2024;2024;4;19;Abril;Viernes;2;1;30/4/2024
20/4/2024;2024;4;20;Abril;Sábado;2;0;30/4/2024
21/4/2024;2024;4;21;Abril;Domingo;2;0;30/4/2024
22/4/2024;2024;4;22;Abril;Lunes;2;1;30/4/2024
23/4/2024;2024;4;23;Abril;Martes;2;1;30/4/2024
24/4/2024;2024;4;24;Abril;Miércoles;2;1;30/4/2024
25/4/2024;2024;4;25;Abril;Jueves;2;1;30/4/2024
26/4/2024;2024;4;26;Abril;Viernes;2;1;30/4/2024
27/4/2024;2024;4;27;Abril;Sábado;2;0;30/4/2024
28/4/2024;2024;4;28;Abril;Domingo;2;0;30/4/2024
29/4/2024;2024;4;29;Abril;Lunes;2;1;30/4/2024
30/4/2024;2024;4;30;Abril;Martes;2;1;30/4/2024
1/5/2024;2024;5;1;Mayo;Miércoles;2;1;31/5/2024
2/5/2024;2024;5;2;Mayo;Jueves;2;1;31/5/2024
3/5/2024;2024;5;3;Mayo;Viernes;2;1;31/5/2024
4/5/2024;2024;5;4;Mayo;Sábado;2;0;31/5/2024
5/5/2024;2024;5;5;Mayo;Domingo;2;0;31/5/2024
6/5/2024;2024;5;6;Mayo;Lunes;2;1;31/5/2024
7/5/2024;2024;5;7;Mayo;Martes;2;1;31/5/2024
8/5/2024;2024;5;8;Mayo;Miércoles;2;1;31/5/2024
9/5/2024;2024;5;9;Mayo;Jueves;2;1;31/5/2024
10/5/2024;2024;5;10;Mayo;Viernes;2;1;31/5/2024
11/5/2024;2024;5;11;Mayo;Sábado;2;0;31/5/2024
12/5/2024;2024;5;12;Mayo;Domingo;2;0;31/5/2024
13/5/2024;2024;5;13;Mayo;Lunes;2;1;31/5/2024
14/5/2024;2024;5;14;Mayo;Martes;2;1;31/5/2024
15/5/2024;2024;5;15;Mayo;Miércoles;2;1;31/5/2024
16/5/2024;2024;5;16;Mayo;Jueves;2;1;31/5/2024
17/5/2024;2024;5;17;Mayo;Viernes;2;1;31/5/2024
18/5/2024;2024;5;18;Mayo;Sábado;2;0;31/5/2024
19/5/2024;2024;5;19;Mayo;Domingo;2;0;31/5/2024
20/5/2024;2024;5;20;Mayo;Lunes;2;1;31/5/2024
21/5/2024;2024;5;21;Mayo;Martes;2;1;31/5/2024
22/5/2024;2024;5;22;Mayo;Miércoles;2;1;31/5/2024
23/5/2024;2024;5;23;Mayo;Jueves;2;1;31/5/2024
24/5/2024;2024;5;24;Mayo;Viernes;2;1;31/5/2024
25/5/2024;2024;5;25;Mayo;Sábado;2;0;31/5/2024
26/5/2024;2024;5;26;Mayo;Domingo;2;0;31/5/2024
27/5/2024;2024;5;27;Mayo;Lunes;2;1;31/5/2024
28/5/2024;2024;5;28;Mayo;Martes;2;1;31/5/2024
29/5/2024;2024;5;29;Mayo;Miércoles;2;1;31/5/2024
30/5/2024;2024;5;30;Mayo;Jueves;2;1;31/5/2024
31/5/2024;2024;5;31;Mayo;Viernes;2;1;31/5/2024
1/6/2024;2024;6;1;Junio;Sábado;2;0;30/6/2024
2/6/2024;2024;6;2;Junio;Domingo;2;0;30/6/2024
3/6/2024;2024;6;3;Junio;Lunes;2;1;30/6/2024
4/6/2024;2024;6;4;Junio;Martes;2;1;30/6/2024
5/6/2024;2024;6;5;Junio;Miércoles;2;1;30/6/2024
6/6/2024;2024;6;6;Junio;Jueves;2;1;30/6/2024
7/6/2024;2024;6;7;Junio;Viernes;2;1;30/6/2024
8/6/2024;2024;6;8;Junio;Sábado;2;0;30/6/2024
9/6/2024;2024;6;9;Junio;Domingo;2;0;30/6/2024
10/6/2024;2024;6;10;Junio;Lunes;2;1;30/6/2024
11/6/2024;2024;6;11;Junio;Martes;2;1;30/6/2024
12/6/2024;2024;6;12;Junio;Miércoles;2;1;30/6/2024
13/6/2024;2024;6;13;Junio;Jueves;2;1;30/6/2024
14/6/2024;2024;6;14;Junio;Viernes;2;1;30/6/2024
15/6/2024;2024;6;15;Junio;Sábado;2;0;30/6/2024
16/6/2024;2024;6;16;Junio;Domingo;2;0;30/6/2024
17/6/2024;2024;6;17;Junio;Lunes;2;1;30/6/2024
18/6/2024;2024;6;18;Junio;Martes;2;1;30/6/2024
19/6/2024;2024;6;19;Junio;Miércoles;2;1;30/6/2024
20/6/2024;2024;6;20;Junio;Jueves;2;1;30/6/2024
21/6/2024;2024;6;21;Junio;Viernes;2;1;30/6/2024
22/6/2024;2024;6;22;Junio;Sábado;2;0;30/6/2024
23/6/2024;2024;6;23;Junio;Domingo;2;0;30/6/2024
24/6/2024;2024;6;24;Junio;Lunes;2;1;30/6/2024
25/6/2024;2024;6;25;Junio;Martes;2;1;30/6/2024
26/6/2024;2024;6;26;Junio;Miércoles;2;1;30/6/2024
27/6/2024;2024;6;27;Junio;Jueves;2;1;30/6/2024
28/6/2024;2024;6;28;Junio;Viernes;2;1;30/6/2024
29/6/2024;2024;6;29;Junio;Sábado;2;0;30/6/2024
30/6/2024;2024;6;30;Junio;Domingo;2;0;30/6/2024
1/7/2024;2024;7;1;Julio;Lunes;3;1;31/7/2024
2/7/2024;2024;7;2;Julio;Martes;3;1;31/7/2024
3/7/2024;2024;7;3;Julio;Miércoles;3;1;31/7/2024
4/7/2024;2024;7;4;Julio;Jueves;3;1;31/7/2024
5/7/2024;2024;7;5;Julio;Viernes;3;1;31/7/2024
6/7/2024;2024;7;6;Julio;Sábado;3;0;31/7/2024
7/7/2024;2024;7;7;Julio;Domingo;3;0;31/7/2024
8/7/2024;2024;7;8;Julio;Lunes;3;1;31/7/2024
9/7/2024;2024;7;9;Julio;Martes;3;1;31/7/2024
10/7/2024;2024;7;10;Julio;Miércoles;3;1;31/7/2024
11/7/2024;2024;7;11;Julio;Jueves;3;1;31/7/2024
12/7/2024;2024;7;12;Julio;Viernes;3;1;31/7/2024
13/7/2024;2024;7;13;Julio;Sábado;3;0;31/7/2024
14/7/2024;2024;7;14;Julio;Domingo;3;0;31/7/2024
15/7/2024;2024;7;15;Julio;Lunes;3;1;31/7/2024
16/7/2024;2024;7;16;Julio;Martes;3;1;31/7/2024
17/7/2024;2024;7;17;Julio;Miércoles;3;1;31/7/2024
18/7/2024;2024;7;18;Julio;Jueves;3;1;31/7/2024
19/7/2024;2024;7;19;Julio;Viernes;3;1;31/7/2024
20/7/2024;2024;7;20;Julio;Sábado;3;0;31/7/2024
21/7/2024;2024;7;21;Julio;Domingo;3;0;31/7/2024
22/7/2024;2024;7;22;Julio;Lunes;3;1;31/7/2024
23/7/2024;2024;7;23;Julio;Martes;3;1;31/7/2024
24/7/2024;2024;7;24;Julio;Miércoles;3;1;31/7/2024
25/7/2024;2024;7;25;Julio;Jueves;3;1;31/7/2024
26/7/2024;2024;7;26;Julio;Viernes;3;1;31/7/2024
27/7/2024;2024;7;27;Julio;Sábado;3;0;31/7/2024
28/7/2024;2024;7;28;Julio;Domingo;3;0;31/7/2024
29/7/2024;2024;7;29;Julio;Lunes;3;1;31/7/2024
30/7/2024;2024;7;30;Julio;Martes;3;1;31/7/2024
31/7/2024;2024;7;31;Julio;Miércoles;3;1;31/7/2024
1/8/2024;2024;8;1;Agosto;Jueves;3;1;31/8/2024
2/8/2024;2024;8;2;Agosto;Viernes;3;1;31/8/2024
3/8/2024;2024;8;3;Agosto;Sábado;3;0;31/8/2024
4/8/2024;2024;8;4;Agosto;Domingo;3;0;31/8/2024
5/8/2024;2024;8;5;Agosto;Lunes;3;1;31/8/2024
6/8/2024;2024;8;6;Agosto;Martes;3;1;31/8/2024
7/8/2024;2024;8;7;Agosto;Miércoles;3;1;31/8/2024
8/8/2024;2024;8;8;Agosto;Jueves;3;1;31/8/2024
9/8/2024;2024;8;9;Agosto;Viernes;3;1;31/8/2024
10/8/2024;2024;8;10;Agosto;Sábado;3;0;31/8/2024
11/8/2024;2024;8;11;Agosto;Domingo;3;0;31/8/2024
12/8/2024;2024;8;12;Agosto;Lunes;3;1;31/8/2024
13/8/2024;2024;8;13;Agosto;Martes;3;1;31/8/2024
14/8/2024;2024;8;14;Agosto;Miércoles;3;1;31/8/2024
15/8/2024;2024;8;15;Agosto;Jueves;3;1;31/8/2024
16/8/2024;2024;8;16;Agosto;Viernes;3;1;31/8/2024
17/8/2024;2024;8;17;Agosto;Sábado;3;0;31/8/2024
18/8/2024;2024;8;18;Agosto;Domingo;3;0;31/8/2024
19/8/2024;2024;8;19;Agosto;Lunes;3;1;31/8/2024
20/8/2024;2024;8;20;Agosto;Martes;3;1;31/8/2024
21/8/2024;2024;8;21;Agosto;Miércoles;3;1;31/8/2024
22/8/2024;2024;8;22;Agosto;Jueves;3;1;31/8/2024
23/8/2024;2024;8;23;Agosto;Viernes;3;1;31/8/2024
24/8/2024;2024;8;24;Agosto;Sábado;3;0;31/8/2024
25/8/2024;2024;8;25;Agosto;Domingo;3;0;31/8/2024
26/8/2024;2024;8;26;Agosto;Lunes;3;1;31/8/2024
27/8/2024;2024;8;27;Agosto;Martes;3;1;31/8/2024
28/8/2024;2024;8;28;Agosto;Miércoles;3;1;31/8/2024
29/8/2024;2024;8;29;Agosto;Jueves;3;1;31/8/2024
30/8/2024;2024;8;30;Agosto;Viernes;3;1;31/8/2024
31/8/2024;2024;8;31;Agosto;Sábado;3;0;31/8/2024
1/9/2024;2024;9;1;Septiembre;Domingo;3;0;30/9/2024
2/9/2024;2024;9;2;Septiembre;Lunes;3;1;30/9/2024
3/9/2024;2024;9;3;Septiembre;Martes;3;1;30/9/2024
4/9/2024;2024;9;4;Septiembre;Miércoles;3;1;30/9/2024
5/9/2024;2024;9;5;Septiembre;Jueves;3;1;30/9/2024
6/9/2024;2024;9;6;Septiembre;Viernes;3;1;30/9/2024
7/9/2024;2024;9;7;Septiembre;Sábado;3;0;30/9/2024
8/9/2024;2024;9;8;Septiembre;Domingo;3;0;30/9/2024
9/9/2024;2024;9;9;Septiembre;Lunes;3;1;30/9/2024
10/9/2024;2024;9;10;Septiembre;Martes;3;1;30/9/2024
11/9/2024;2024;9;11;Septiembre;Miércoles;3;1;30/9/2024
12/9/2024;2024;9;12;Septiembre;Jueves;3;1;30/9/2024
13/9/2024;2024;9;13;Septiembre;Viernes;3;1;30/9/2024
14/9/2024;2024;9;14;Septiembre;Sábado;3;0;30/9/2024
15/9/2024;2024;9;15;Septiembre;Domingo;3;0;30/9/2024
16/9/2024;2024;9;16;Septiembre;Lunes;3;1;30/9/2024
17/9/2024;2024;9;17;Septiembre;Martes;3;1;30/9/2024
18/9/2024;2024;9;18;Septiembre;Miércoles;3;1;30/9/2024
19/9/2024;2024;9;19;Septiembre;Jueves;3;1;30/9/2024
20/9/2024;2024;9;20;Septiembre;Viernes;3;1;30/9/2024
21/9/2024;2024;9;21;Septiembre;Sábado;3;0;30/9/2024
22/9/2024;2024;9;22;Septiembre;Domingo;3;0;30/9/2024
23/9/2024;2024;9;23;Septiembre;Lunes;3;1;30/9/2024
24/9/2024;2024;9;24;Septiembre;Martes;3;1;30/9/2024
25/9/2024;2024;9;25;Septiembre;Miércoles;3;1;30/9/2024
26/9/2024;2024;9;26;Septiembre;Jueves;3;1;30/9/2024
27/9/2024;2024;9;27;Septiembre;Viernes;3;1;30/9/2024
28/9/2024;2024;9;28;Septiembre;Sábado;3;0;30/9/2024
29/9/2024;2024;9;29;Septiembre;Domingo;3;0;30/9/2024
30/9/2024;2024;9;30;Septiembre;Lunes;3;1;30/9/2024
1/10/2024;2024;10;1;Octubre;Martes;4;1;31/10/2024
2/10/2024;2024;10;2;Octubre;Miércoles;4;1;31/10/2024
3/10/2024;2024;10;3;Octubre;Jueves;4;1;31/10/2024
4/10/2024;2024;10;4;Octubre;Viernes;4;1;31/10/2024
5/10/2024;2024;10;5;Octubre;Sábado;4;0;31/10/2024
6/10/2024;2024;10;6;Octubre;Domingo;4;0;31/10/2024
7/10/2024;2024;10;7;Octubre;Lunes;4;1;31/10/2024
8/10/2024;2024;10;8;Octubre;Martes;4;1;31/10/2024
9/10/2024;2024;10;9;Octubre;Miércoles;4;1;31/10/2024
10/10/2024;2024;10;10;Octubre;Jueves;4;1;31/10/2024
11/10/2024;2024;10;11;Octubre;Viernes;4;1;31/10/2024
12/10/2024;2024;10;12;Octubre;Sábado;4;0;31/10/2024
13/10/2024;2024;10;13;Octubre;Domingo;4;0;31/10/2024
14/10/2024;2024;10;14;Octubre;Lunes;4;1;31/10/2024
15/10/2024;2024;10;15;Octubre;Martes;4;1;31/10/2024
16/10/2024;2024;10;16;Octubre;Miércoles;4;1;31/10/2024
17/10/2024;2024;10;17;Octubre;Jueves;4;1;31/10/2024
18/10/2024;2024;10;18;Octubre;Viernes;4;1;31/10/2024
19/10/2024;2024;10;19;Octubre;Sábado;4;0;31/10/2024
20/10/2024;2024;10;20;Octubre;Domingo;4;0;31/10/2024
21/10/2024;2024;10;21;Octubre;Lunes;4;1;31/10/2024
22/10/2024;2024;10;22;Octubre;Martes;4;1;31/10/2024
23/10/2024;2024;10;23;Octubre;Miércoles;4;1;31/10/2024
24/10/2024;2024;10;24;Octubre;Jueves;4;1;31/10/2024
25/10/2024;2024;10;25;Octubre;Viernes;4;1;31/10/2024
26/10/2024;2024;10;26;Octubre;Sábado;4;0;31/10/2024
27/10/2024;2024;10;27;Octubre;Domingo;4;0;31/10/2024
28/10/2024;2024;10;28;Octubre;Lunes;4;1;31/10/2024
29/10/2024;2024;10;29;Octubre;Martes;4;1;31/10/2024
30/10/2024;2024;10;30;Octubre;Miércoles;4;1;31/10/2024
31/10/2024;2024;10;31;Octubre;Jueves;4;1;31/10/2024
1/11/2024;2024;11;1;Noviembre;Viernes;4;1;30/11/2024
2/11/2024;2024;11;2;Noviembre;Sábado;4;0;30/11/2024
3/11/2024;2024;11;3;Noviembre;Domingo;4;0;30/11/2024
4/11/2024;2024;11;4;Noviembre;Lunes;4;1;30/11/2024
5/11/2024;2024;11;5;Noviembre;Martes;4;1;30/11/2024
6/11/2024;2024;11;6;Noviembre;Miércoles;4;1;30/11/2024
7/11/2024;2024;11;7;Noviembre;Jueves;4;1;30/11/2024
8/11/2024;2024;11;8;Noviembre;Viernes;4;1;30/11/2024
9/11/2024;2024;11;9;Noviembre;Sábado;4;0;30/11/2024
10/11/2024;2024;11;10;Noviembre;Domingo;4;0;30/11/2024
11/11/2024;2024;11;11;Noviembre;Lunes;4;1;30/11/2024
12/11/2024;2024;11;12;Noviembre;Martes;4;1;30/11/2024
13/11/2024;2024;11;13;Noviembre;Miércoles;4;1;30/11/2024
14/11/2024;2024;11;14;Noviembre;Jueves;4;1;30/11/2024
15/11/2024;2024;11;15;Noviembre;Viernes;4;1;30/11/2024
16/11/2024;2024;11;16;Noviembre;Sábado;4;0;30/11/2024
17/11/2024;2024;11;17;Noviembre;Domingo;4;0;30/11/2024
18/11/2024;2024;11;18;Noviembre;Lunes;4;1;30/11/2024
19/11/2024;2024;11;19;Noviembre;Martes;4;1;30/11/2024
20/11/2024;2024;11;20;Noviembre;Miércoles;4;1;30/11/2024
21/11/2024;2024;11;21;Noviembre;Jueves;4;1;30/11/2024
22/11/2024;2024;11;22;Noviembre;Viernes;4;1;30/11/2024
23/11/2024;2024;11;23;Noviembre;Sábado;4;0;30/11/2024
24/11/2024;2024;11;24;Noviembre;Domingo;4;0;30/11/2024
25/11/2024;2024;11;25;Noviembre;Lunes;4;1;30/11/2024
26/11/2024;2024;11;26;Noviembre;Martes;4;1;30/11/2024
27/11/2024;2024;11;27;Noviembre;Miércoles;4;1;30/11/2024
28/11/2024;2024;11;28;Noviembre;Jueves;4;1;30/11/2024
29/11/2024;2024;11;29;Noviembre;Viernes;4;1;30/11/2024
30/11/2024;2024;11;30;Noviembre;Sábado;4;0;30/11/2024
1/12/2024;2024;12;1;Diciembre;Domingo;4;0;31/12/2024
2/12/2024;2024;12;2;Diciembre;Lunes;4;1;31/12/2024
3/12/2024;2024;12;3;Diciembre;Martes;4;1;31/12/2024
4/12/2024;2024;12;4;Diciembre;Miércoles;4;1;31/12/2024
5/12/2024;2024;12;5;Diciembre;Jueves;4;1;31/12/2024
6/12/2024;2024;12;6;Diciembre;Viernes;4;1;31/12/2024
7/12/2024;2024;12;7;Diciembre;Sábado;4;0;31/12/2024
8/12/2024;2024;12;8;Diciembre;Domingo;4;0;31/12/2024
9/12/2024;2024;12;9;Diciembre;Lunes;4;1;31/12/2024
10/12/2024;2024;12;10;Diciembre;Martes;4;1;31/12/2024
11/12/2024;2024;12;11;Diciembre;Miércoles;4;1;31/12/2024
12/12/2024;2024;12;12;Diciembre;Jueves;4;1;31/12/2024
13/12/2024;2024;12;13;Diciembre;Viernes;4;1;31/12/2024
14/12/2024;2024;12;14;Diciembre;Sábado;4;0;31/12/2024
15/12/2024;2024;12;15;Diciembre;Domingo;4;0;31/12/2024
16/12/2024;2024;12;16;Diciembre;Lunes;4;1;31/12/2024
17/12/2024;2024;12;17;Diciembre;Martes;4;1;31/12/2024
18/12/2024;2024;12;18;Diciembre;Miércoles;4;1;31/12/2024
19/12/2024;2024;12;19;Diciembre;Jueves;4;1;31/12/2024
20/12/2024;2024;12;20;Diciembre;Viernes;4;1;31/12/2024
21/12/2024;2024;12;21;Diciembre;Sábado;4;0;31/12/2024
22/12/2024;2024;12;22;Diciembre;Domingo;4;0;31/12/2024
23/12/2024;2024;12;23;Diciembre;Lunes;4;1;31/12/2024
24/12/2024;2024;12;24;Diciembre;Martes;4;1;31/12/2024
25/12/2024;2024;12;25;Diciembre;Miércoles;4;1;31/12/2024
26/12/2024;2024;12;26;Diciembre;Jueves;4;1;31/12/2024
27/12/2024;2024;12;27;Diciembre;Viernes;4;1;31/12/2024
28/12/2024;2024;12;28;Diciembre;Sábado;4;0;31/12/2024
29/12/2024;2024;12;29;Diciembre;Domingo;4;0;31/12/2024
30/12/2024;2024;12;30;Diciembre;Lunes;4;1;31/12/2024
31/12/2024;2024;12;31;Diciembre;Martes;4;1;31/12/2024
